"post_title"	"post_content"	"post_excerpt"	"post_name"	"city"	"thumbnail"	"wpcf-venue-directions-image"	"wpcf-venue_daum1"	"wpcf-venue_directions"	"wpcf-venue_email"	"wpcf-venue_facebook"	"wpcf-venue_phone"	"wpcf-venue_twitter"	"wpcf-venue_website"	"_pronamic_google_maps_address"	"_pronamic_google_maps_description"	"_pronamic_google_maps_latitude"	"_pronamic_google_maps_longitude"	"_pronamic_google_maps_title"	"_pronamic_google_maps_zoom"
"<!--:ko-->스페이스 문<!--:--><!--:en-->Space Moon<!--:-->"	"<!--:ko-->“스페이스 문” 은 문래동에 위치한 공연장입니다. 2011년 8월부터 운영되던 대안공간 문을 새로운 운영자 4명이 이어받아 2014년 1월 새로운 이름인 스페이스 문으로 다시 오픈하게 되었습니다. 주로 음악 공연을 중심으로 프로그램을 진행하나, 실험적인 이벤트, 영화 상영, 세미나, 전시 등 여러 제안들에 열려있는 공간입니다.<!--:--><!--:en-->

Founded april-may 2011 and opened officially august 2011, Space Moon is located in mullae inside an area with many kinds of artist studios and steel/metal workshops. We have concerts and events. Its a great space to meet, have fun, talk and catch a show
<!--:-->"		"space-moon"	"seoul-%ec%84%9c%ec%9a%b8:Seoul 서울"	"2013/05/SpaceMoon.jpg"				"spacemoonseoul@gmail.com"	"https://www.facebook.com/spacemoonseoul"	"010-3060-1683"	"http://twitter.com/spacemoonseoul"	"http://spacemoonseoul.wordpress.com/"	"54-41 Mullae-dong 3ga, yeongdeungpo-gu, Seoul, Korea"	"대안공간[문]"	37.5135923891	126.896719144	"대안공간[문]"	15
"<!--:en-->Club FF<!--:--><!--:ko-->클럽 FF<!--:-->"	"<!--:ko-->홍대 최고의 NO.1 Indie experience 라이브 클럽 에프에프입니다!!<!--:--><!--:en-->A top live venue with music almost every night. After the bands it becomes a rock dance club with DJs.

BEST OF HONGDAE INDIE ROCK N ROLL LIVE & DANCE CLUB<!--:-->"	"<!--:ko-->클럽 FF<!--:--><!--:en-->Club FF<!--:-->"	"club-ff"	"seoul-%ec%84%9c%ec%9a%b8:Seoul 서울"	"2013/05/FF-Logo.png"	"http://doindie.wpengine.com/wp-content/uploads/2013/05/FFMap1.jpg"		"상수역1번출구로 나와서 뒤로 돌면 홍대 방향으로 가는 대로가 있습니다. 홍대방향으로 계속 직진하다가 세븐일레븐 보이면 클럽 골목으로 들어가세요 (세븐일레븐 앞에서 왼쪽 방향). 그 골목으로 45미터(쯤) 정도 직진하면 오른쪽에 클럽 FF가 보일겁니다.

Take the subway to Sangsu station on Line 6 (exit #1) - double back on yourself keep going straight towards Hongik University. Take a left onto the street before the 7-Eleven. Walk straight along that road about 45m - you will see Club FF on your right."	"ianbrown@naver.com"	"https://www.facebook.com/groups/clubff"	"010 9025 3407"	"https://twitter.com/clubFF_"	"http://www.2005clubff.cyworld.com/"	"마포구 서교동"	"클럽 FF / Club FF"	37.5502453042	126.922298324	"클럽 FF / Club FF"	19
"<!--:en-->Evans<!--:--><!--:ko-->에반스<!--:-->"	"<!--:en-->While operating its business for more than 10 years near Hongik university area, Club EVANS has served as an
incubation site for talented jazz musicians. Under its philsophy of ""Musical Diversity over Profitability"", EVANS
provides both training and locations, including its own recording studio and jazz academy.
By focusing on this unique ideology, EVANS Label aims to create young and brilliant Korean jazz music.<!--:--><!--:ko-->EVANS는 지난 10년 동안 홍대지역에서 라이브클럽을 운영하며 한국 재즈 뮤지션들의 보금자리 역할을 해왔다.
한국의 젊고 참신한 재즈를 지향하는 EVANS는 실력있는 재즈뮤지션들의 다양한 창작활동을 위해 레코딩 스튜디오와 재즈 아카데미를 함께 운영하고 있다. 한국에서 자생적으로 자라날 수 있는 뮤지션들의 음악적 토양 역할이 되는 것이 EVANS의 목표이다.<!--:-->"	"<!--:ko-->에반스<!--:--><!--:en-->Evans<!--:-->"	"evans"	"seoul-%ec%84%9c%ec%9a%b8:Seoul 서울"	"2013/05/Evans-Logo.jpg"	"http://doindie.wpengine.com/wp-content/uploads/2013/05/Evans-Map1.png"	"http://blog.naver.com/evanslabel"	"6호선 상수역 1번 출구 - 홍대방면으로 150M - 좌측 세븐일레븐 건물 2층

2호선 홍대입구역 5번 출구 - 홍대 정문 앞을 바라보고 오른쪽 극동방송국 방향으로 100m직진 후 건너편

Take exit 1 of Sangsu station (Line 6) and head towards Hongdae University (you need to double back on yourself as soon as you leave Exit 1). When you see 7Eleven on your left, Evans is in that same building on the second floor.

&nbsp;

&nbsp;"	"reouomo@hotmail.com"	"https://www.facebook.com/clubevans"	"02-337-8361"	"https://twitter.com/evans_label"	"http://clubevans.com/"	"2F, 407-3, Seokyo-dong, Mapo-gu, Seoul, Korea 121-895"	"에반스 / Evans"	37.5502329	126.922865	"에반스 / Evans"	19
"<!--:en-->Auteur<!--:--><!--:ko-->오뙤르<!--:-->"	"<!--:en-->Rock,Pop,Jazz,Folk,Classic,NewAge,Traditional,WorldMusic,Crossover etc.<!--:--><!--:ko-->_AUTEUR? 오뙤르?
Auteur는 독창적인 영화감독을 뜻하는 단어입니다.
club AUTEUR는 예술가의 독창적인 창작활동을 지향하는 공간입니다.
뮤지션을 비롯한 예술가들의 퍼포먼스가 관객과 함께 완성되는
gig, showcase, party 등이 일상적으로 열리게 되는 문화공간을 지향합니다.

관객과 예술가 사이의 경계가 없는 아늑한 공간에서 이루어지는 퍼포먼스는
rock, pop, folk, classic, jazz, traditional, world music, crossover 등
쟝르의 벽이 없이 언플러그드와 어쿠스틱함의 느낌을 담아 좀 더 편안하고 가까움을 연출합니다.<!--:-->"	"<!--:ko-->오뙤르<!--:--><!--:en-->Auteur<!--:-->"	"auteur"	"seoul-%ec%84%9c%ec%9a%b8:Seoul 서울"	"2013/05/Auteur-Logo.jpg"	"http://doindie.staging.wpengine.com/wp-content/uploads/2013/05/Auteur-Map5.jpg"	"http://cafe.naver.com/clubauteur"	"상수역(1번출구)에서 오시는 것이 가장 빠릅니다.
합정역(3번출구)과 홍대입구역(9번출구)에서도 멀지 않습니다.
주차장골목에 있는 상상마당 또는 럭셔리 수 노래방을 찾으시면 바로 곁에
'作家' (작가)라는 빌딩이 있습니다.

Leave Sangsu station (Line 6) via exit 1. It is right next to Sang Sang Madang in the middle of Hongdae.

&nbsp;"	"Auteurclub@gmail.com"	"https://www.facebook.com/clubAUTEUR"	"010-3449-6264"	"https://twitter.com/clubAUTEUR"		"마포구 서교동 367-36 作家(작가)빌딩 B1F, Seoul, Korea"	"오뙤르 / Auteur"	37.5513737947	126.921128424	"오뙤르 / Auteur"	19
"<!--:en-->man is a prison , also prison!<!--:--><!--:ko-->사나이라면 감옥, 역시 감옥이지!<!--:-->"	"<!--:en--><!--:--><!--:ko-->서울 영등포구 문래동 3가  54-41<!--:-->"		"%ec%82%ac%eb%82%98%ec%9d%b4%eb%9d%bc%eb%a9%b4-%ea%b0%90%ec%98%a5-%ec%97%ad%ec%8b%9c-%ea%b0%90%ec%98%a5%ec%9d%b4%ec%a7%80"		"2014/01/jpg21.jpg"					"http://"				"서울 영등포구 문래동3가 54-41"		37.5137003	126.8965075		
"<!--:en-->asdasD<!--:--><!--:ko-->sdsdsdad<!--:-->"	"<!--:en-->ASDASd<!--:--><!--:ko-->asDasd<!--:-->"		"sdsdsdad"							"http://"				"sdSDf"		36.1542048	-95.9457815		
"<!--:en-->Geek Live House<!--:--><!--:ko-->긱 (GEEK) 라이브하우스<!--:-->"	"<!--:en--><!--:--><!--:ko-->11년 전통의 신촌 대표 공연장으로써, '긱 라이브 하우스는' 대한민국의 음악 문화와 그 맥을 같이 하며 함께 호흡해 왔습니다.

프로뮤지션과 엔지니어가 협심하여 만든 공연장이니 만큼, 170석 가량의 소규모 공연장이지만 전문적인 셋팅의 음향과 LED 무빙 등의 화려한 조명, 여러 제반시설에서 언제나 뮤지션을 생각하고 함께 고민하고 있습니다.

아마츄어부터 프로까지, 밴드 음악과 어코스틱, 힙합 등  모든 장르의 각종 대관공연과 기획공연을 다양하고 꾸준하게 해 온 '긱라이브하우스'는,  대관 공연을 하시는 분들께는 녹화 영상과 함께 화려한 평생의 추억을,  프로 뮤지션들께는 양질의 공연으로 멋진 음악 생활의 한 페이지가 당당히 되기를, 마지막으로 공연을 보러 오시는 분들께는 쾌적하고 즐거운 환경으로, 그저 단순한 '관람' 이 아닌, 하나의 '공감' 과 '호흡'을 함께 느끼시기를 희망합니다.

무대위의 공연자와 관객, 공연장 모두가 더욱 빛날 내일을 그리며 대한민국 공연과 음악문화의 한 축을 꿋꿋이 자리매김해 나가며 진솔하고 감성이 닿아있는 문화 공간으로 건강한 에너지가 꿈틀대는 라이브 클럽 '긱 라이브 하우스'는 음악과 함께 하는 여러 분들을 늘 웃으며 기다립니다.

- 긱 라이브 하우스의 모든 마음 일동 올림 –  <!--:-->"		"geek-livehouse"		"2013/12/GeekLiveHouse.jpg"	"http://doindie.staging.wpengine.com/wp-content/uploads/geek약도.jpg"	"http://blog.naver.com/geeklive"	"2호선 신촌 지하철역 8번 출구로 나오셔서, 나오신 방향으로 쭉 걸어 올라오시면 왼편으로 농협과 신한은행을 지나치실 겁니다. 그 상태로 더 올라오시면 '오스람 조명' 이 왼편에 있습니다 (맞은 편에 신촌 장로교회가 크게 보이실 겁니다).

'오스람 조명' 을 끼고 왼편 골목 안쪽으로 들어오시면 바로 GEEK live house 의 간판을 보실 수 있습니다 ^^

즉, 2호선 신촌역 8번출구에서 쭈욱 올라와서 오스람 조명에서 좌회전! 쉽죠? ^^

Come out of exit 8 at Sinchon Station (Line 2) and walk straight. Walk past the Nonghyup and Shinhan banks that you will see on your left hand side.  Keep walking straight and you will see Osram Lighting (오스람 조명) on your left (directly opposite will be the big Sincheon Church). Go up the side road to the left of Osram Lighting and you will see the sign for Geek Live House."	"geeklive@naver.com"	"https://www.facebook.com/geeklivehouse"	"02-3141-5292"		"http://www.geeklivehouse.co.kr"	"서울시 마포구 동교동 185-10 지하, 121-818"		37.5564651677	126.9320139463		18
"<!--:en-->Yes24 Muv Hall<!--:--><!--:ko-->예스24 무브홀<!--:-->"	"<!--:en-->Yes24 Muv Hall is a new venue opened in Hongdae. Muv Hall has regular performances and showcases from a wide variety of artists from genres ranging from indie rock to hip hop. Yes 24 Muv Hall can hold 1,000 people standing and 327 people sitting.

<!--:--><!--:ko-->라이브 문화의 중심지 홍대에 새로 오픈하는 &lt; 예스24 무브홀&gt;은 인디락, 힙합, 대중가요 등 다양한 장르의 아티스트들의 공연과 쇼케이스, 방송 촬영이 가능한 전문 LIVE HALL입니다.

&lt; 예스24 무브홀&gt;은 스탠딩 기준 1,000석, 좌석 기준 327석 규모로

기존 소극장 위주의 홍대 라이브씬에 없었던 중극장 규모의 공연장으로그동안 마땅한 공연장을 찾지 못 했던 많은 기획사들과 아티스트들의 needs를 충족시킬 수 있을 것입니다. 또한, 대형 LED스크린을 통한 첨단입체영상 연출이 가능하며

어떠한 장르의 공연도 소화할 수 있는 뛰어난 음향 및 조명시스템을 갖추고 있습니다.심플하면서도 엔틱한 인테리어는 타 공연장들의 딱딱하고 삭막한 인테리어와는 차별화된 분위기를 느끼실 수 있습니다.

더불어, 홍대입구역과 합정역에 인접해있고 1층에는 관객들의 휴식공간이 될 Kitchen &amp; Lounge ‘THE M’이 위치해있어 공연을 즐기러 온 관객들에게 좋은 접근성과 편리함을 제공합니다.
전문 LIVE HALL&lt; 예스24 무브홀&gt;은 아티스트와 공연기획자에게는 뛰어난 퀄리티의 공연으로 관객과 호흡할 수 있는 공간으로, 관객에게는 좋은 공연을 편리하게 즐길 수 있는 공간으로써 홍대 라이브씬의 새로운 문화의 발상지가 될 것 입니다.<!--:-->"		"%ec%98%88%ec%8a%a424-%eb%ac%b4%eb%b8%8c%ed%99%80"		"2013/12/MuvHall.jpg"	"http://doindie.staging.wpengine.com/wp-content/uploads/muvhallmap.jpg"		"지하철 합정역 3번출구에서 직진 -> 서교동 사거리에서 보보호텔 쪽으로 우회전 -> 200M 직진 -> 횡단보도 건너시면 "" YES24 MUV HALL"" 을 발견하실 수 있습니다.</p><br />
<p>Go out of exit 3 @ Hapjeong station (Line 2 / 6) and walk straight in the direction of Sokydong intersection. At BoBo Hotel (보보호텔) turn right and walk straight for about 200m. Cross the road at the crosswalk and you will see Yes24 Muv Hall."		"https://www.facebook.com/yes24muvhall"	"010-3692-6082"	"https://twitter.com/Yes24Now"		"서울특별시 마포구 서교동 368-22 서문빌딩 지하1층"		37.5515437	126.9197803		
"<!--:en-->AX Korea<!--:--><!--:ko-->AX Korea<!--:-->"	"<!--:en-->AX Korea is one of the largest venues in Seoul. It regularly hosts the biggest acts from Korea and abroad.<!--:--><!--:ko-->악스코리아(AX-KOREA)는 서울 광진구에 위치한 대중음악 전문 공연장이다. 스탠딩 기준으로 2,500명, 좌석을 기준으로 1,090명을 수용할 수 있다.<!--:-->"	"<!--:ko-->AX Korea<!--:--><!--:en-->AX Korea<!--:-->"	"ax-korea"	"seoul-%ec%84%9c%ec%9a%b8:Seoul 서울"	"2013/05/ACKOREALOGO.jpg"			"<strong>지하철</strong>

지하철 5호선 광나루역 2번 출구로 나오시면 바로 횡단보도가 있습니다. 횡단보도를 건너신 후 왼쪽으로 길을 따라 오시면 청소년수련관 건물의 뒷 편으로 유니클로 악스가 있습니다. 도보로 5분 거리입니다.
강변역 2번 출구로 나오셔서 테크노마트 앞에서 마을버스 (광진01번)을 타고 광나루 현대 아파트에서 하차하시면 됩니다.

<strong>버스</strong>

마을버스: 광진01
직행버스: 1113-1, 1113-11, 11, 100, 1660, 9301
일반버스: 13, 13-2, 2000-2, 2000-3, 93, 95, 96, 15, 2000-1, 1
간선버스 - 130, 370
공항버스: 6705

Come out of exit 2 at Gwangnaru station (line 5) and you will see a crosswalk immediately in front of you. Cross over and follow the road to the left. AxKorea is behind the youth center (청소년수련관) building. It's about a 5 minute walk from the station.

Come out of exit 2 at Gangbyeon station (Line 2) and take the village bus (#01 - going to Gwangjin) from outside Technomart. Get off at Gwangnaru Hyundai Apartment.

&nbsp;"	"axkorea_m@naver.com"	"https://www.facebook.com/AXKorea/"	"02-457-5114"	"https://twitter.com/axkorea"	"http://ax-korea.co.kr"	"서울특별시 광진구 광장동 319-33, Seoul, Korea 143-807"	"AX Korea"	37.5456881	127.1079671	"AX Korea"	18
"<!--:en-->C Cloud<!--:--><!--:ko-->씨클라우드<!--:-->"	"<!--:en--><strong>c cloud - creation system</strong> creation system. eco system for creators. openartfair &amp; café. art, concerts, drinks &amp; good people etc. cloud system for creativity, creator, communication, culture, cultural capital, commerce, cooperation, coexistence, civil initiatives <strong># c cloud regular program</strong>
<ul>
	<li><span style=""font-size: 13px; line-height: 19px;"">concert: sunday</span></li>
	<li><span style=""font-size: 13px; line-height: 19px;"">open mic: tuesday</span></li>
	<li><span style=""font-size: 13px; line-height: 19px;"">flea market: first saturday</span></li>
	<li><span style=""font-size: 13px; line-height: 19px;"">poetry reading: 3rd thursday</span></li>
</ul>
<!--:--><!--:ko--><strong>c cloud는</strong>
<ul>
	<li><span style=""font-size: 13px; line-height: 19px;"">독립창작자들을 위해 열린 공간입니다. 자신의 작품 또는 음악을 소개하고 판매하고자 하는 창작자들께서는 먼저 담당자와 상의해주시기 바랍니다.</span></li>
	<li><span style=""font-size: 13px; line-height: 19px;"">좋은 작가의 좋은 작품을 좋은 가격에 판매합니다. 작품구입문의를 받습니다.</span></li>
	<li><span style=""font-size: 13px; line-height: 19px;"">학술행사, 세미나, 파티 등을 원하시는 개인이나 단체를 위해 공간을 대여합니다. 사운드시스템과 프로젝터 등의 장비와 케이터링이 가능합니다.</span></li>
	<li><span style=""font-size: 13px; line-height: 19px;"">환경을 위해 테이크아웃용 일회용 컵을 사용하지 않습니다. 대신 자신의 컵이나 텀블러를 가지고 오시는 분들에게는 커피나 차 등 음료가격을 ""500원"" 할인해 드립니다.</span></li>
</ul>
<strong>씨클라우드 정기프로그램</strong>
<ul>
	<li><span style=""font-size: 13px; line-height: 19px;"">공연: 매주 일요일</span></li>
	<li><span style=""font-size: 13px; line-height: 19px;"">오픈마이크: 매주 화요일</span></li>
	<li><span style=""font-size: 13px; line-height: 19px;"">벼룩시장: 매월 첫 토요일</span></li>
	<li><span style=""font-size: 13px; line-height: 19px;"">시낭독회: 매월 세번째 목요일</span></li>
</ul>
<!--:-->"	"<!--:ko-->씨클라우드<!--:--><!--:en-->C Cloud<!--:-->"	"c-cloud"	"seoul-%ec%84%9c%ec%9a%b8:Seoul 서울"	"2013/05/CCloudLOGO.jpg"	"http://doindie.wpengine.com/wp-content/uploads/2013/05/CCloudMap.jpg"	"http://cafe.naver.com/ccloudcs"	"<strong>지하철 정보 / Subway:</strong>

지하철 2호선/6호선 합정역 5번 출구앞 자전거가게에서 우측골목으로 250m 정도 거리에 위치한 붉은 벽돌건물 2층

Get off at Hapjeong station (Line 2/6) and go out of exit 5. Turn right at the bike shop and walk down the road for about 250m. C Cloud is on the second floor of brick building.

<strong>버스 정보 / Bus:</strong>

<em id=""__mceDel"">합정역 / Get off at Hapjeong Station</em>

<em id=""__mceDel"">271, 760, 602, 603, 604 7013A, 7013B, 7011, 5712, 5714, 6716, 67 1100, 1000, 1200, 1300, 1400, 1101, 1601 마포16 921 200, 2200</em>

&nbsp;

&nbsp;"	"ccloudcs@gmail.com"	"https://www.facebook.com/candlecloud"	"02-323-6646"	"https://twitter.com/candlecloud"	"http://www.ccloud.co.kr/"	"412-26 Hapjeong-dong, Mapo-gu, Seoul, South Korea"		37.5486247	126.9169729	"씨클라우드 / C Cloud"	11
"<!--:en-->Led Zeppelin<!--:--><!--:ko-->레드 제플린<!--:-->"	"<!--:en-->A large venue with space for up to 300 people.

<!--:--><!--:ko-->좌석200석 스텐딩300석 규모의 조그만 공연장 이지만 보다 나은 음향 및 조명과 무대악기,시스템으로 다양한 문화 행사를 유치하고 기획할 예정입니다. 기존 공연장보다는 조금 미흡하나 음향 및 조명과 같은 하드웨어들을 따로 렌탈을 하지 않아도 되서 비용절감 면이나 편리함에 많은 다양한 문화행사가 유치될거라 기대하고있습니다.

<!--:-->"	"<!--:ko-->레드 제플린<!--:--><!--:en-->Led Zeppelin<!--:-->"	"led-zeppelin"	"jeonju-%ec%a0%84%ec%a3%bc:Jeonju 전주"	"2013/11/NoImageAvailable.jpg"		"http://cafe.daum.net/k250073"				"018-607-6321"			"Seoul"		37.566535	126.9779692		10
"<!--:en-->Basement Pub<!--:--><!--:ko-->베이스먼트<!--:-->"	"<!--:en-->Basement is a popular spot for foreign and Korean's alike. Tuesday night open mic and other various events throughout the week.

<!--:--><!--:ko--><!--:-->"		"basement-pub"	"busan-%eb%b6%80%ec%82%b0:Busan 부산"	"2013/11/NoImageAvailable.jpg"	"http://doindie.staging.wpengine.com/wp-content/uploads/231_18651085855_1544_n.jpg"		"From Busan National University subway station exit 3: turn right out the station and take your first street on the left. Follow that street until you reach a large intersection with a Busan Bank on the opposite corner. Cross to the corner with Busan Bank and continue to follow that same street until you see a Paris Baguette. Turn right and Basement is about halfway down the block on the right... in the basement."		"https://www.facebook.com/groups/2403700123/"				"부산"		35.1795543	129.0756416		
"<!--:en-->Urban<!--:--><!--:ko-->얼반 (Urban)<!--:-->"	"<!--:ko-->얼반은 2009년 4월 처음 문을 열었습니다. 바 겸 공연장, 라이브 바로서 한국인뿐만 외국인들도 공연을 즐기고, 직접 공연도 꾸며 오고 있습니다. 술과 파티, 공연과 함께 내외국 친구들을 사귀고 만남을 즐길 수 있는 곳, 마음맞는 친구들과 함께 공연을 만들어 나갈 수 있는 곳이라 할 수 있겠네요.

<!--:--><!--:en-->Urban opened in April, 2009. It is a Expat live bar, where you can enjoy great
booze, live music, and make good korean/foreign friends and your own party
and gig.

<!--:-->"		"urban"	"daegu-%eb%8c%80%ea%b5%ac:Daegu 대구"	"2013/11/NoImageAvailable.jpg"	"http://doindie.wpengine.com/wp-content/uploads/2013/09/map12.jpg"			"philan.gmm@gmail.com"	"https://www.facebook.com/groups/Urbanbar/"	"053) 423-2283"			"대구 중구 삼덕동1가 18-1번지 지하 1층"		35.8678553	128.5975937		
"<!--:en-->Vinyl Underground<!--:--><!--:ko-->바이널언더그라운드드<!--:-->"	"<!--:en-->The first live music venue in Kyungsung. Vinyl Underground is one of the main places to see live music in Busan. Every Thursday is open mic. Check the schedule to find out what bands are playing each weekend.

<!--:--><!--:ko--><!--:-->"		"vinyl-underground"	"busan-%eb%b6%80%ec%82%b0:Busan 부산"	"2013/11/1471987_1378423372405024_1860527427_n.jpg"			"From Kyungsung University exit 3: Go straight and take the first street on the right. Vinyl Underground is on the right two and a half blocks down from the main road. Look for the big yellow banana!"	"atcrossroads@hanmail.net"	"https://www.facebook.com/vinylunderground.busan"	"010-6565-0645"			"부산 남구 대연동 58-2번지"		35.136387	129.1019414		
"<!--:en-->Ol' 55<!--:--><!--:ko-->Ol' 55<!--:-->"	"<!--:en-->Intimate and cozy. Ol' 55 is one of the original spots for live music. Every Wednesday night is open mic and most weekends the bar is host to local and touring bands.

<!--:--><!--:ko--><!--:-->"		"ol-55"	"busan-%eb%b6%80%ec%82%b0:Busan 부산"	"2013/11/335048_102283203212001_230763476_o.jpg"			"From Kyungsung University subway station exit 3: go straight and take the first street on the right. Ol' 55 is at the 3rd intersection in the basement level of the CU Mart."	"atcrossroads@hanmail.net"	"https://www.facebook.com/groups/246640638768470/"	"010-6565-0645"			"부산 남구 대연동 60-4번지"		35.1360955	129.1021712		
"<!--:en-->Rolling Hall<!--:--><!--:ko-->롤링홀<!--:-->"	"<!--:en-->Rolling hall is one of the biggest / oldest and most famous venues in Korea. It has regular concerts from both famous and underground bands in Korea as well as international artists.

<!--:--><!--:ko-->10년간 홍대 라이브 클럽 운영을 통하여 얻은 노하우를 바탕으로 다변화된 현 문화시장에서 선진 공연 문화를 정착해 나가며 대중과 예술인이 거리를 좁히기 위해서 롤링홀을 설립하게 되었습니다. 저희 롤링홀은 국내외 유명 뮤지션부터 언더그라운드 뮤지션, 인디밴드에 이르기까지, 팝 음악에서부터 힙합, 재즈, 발라드, 락까지 다양한 공연을 펼칠 수 있는 열린 공간입니다.

<!--:-->"	"<!--:ko-->롤링홀<!--:--><!--:en-->Rolling Hall<!--:-->"	"rolling-hall-2"	"seoul-%ec%84%9c%ec%9a%b8:Seoul 서울"	"2013/05/rollinghall.jpg"	"http://doindie.wpengine.com/wp-content/uploads/2013/05/RollingHallMap.gif"	"http://cafe.daum.net/ROLLING"	"상수역(6호선) 1번 출구로 나와서 곧바로 걸어 내려오세요. 언덕 끝 부분의 큰 사거리 / 횡단보도에 코아마트가 있습니다. 거기서 오른쪽으로 도세요. 30m 정도 앞으로 가면 CU 마트가 왼쪽에 있습니다. 롤링홀은 바로 옆 지하에 있습니다.
<span style=""font-size: 13px; line-height: 19px;"">Come out of exit 1 at Sangsu Station (Line 6) and walk straight down the hill. </span>When you get to the big intersection / crosswalk at the bottom of the hill you will see a Mart called 코아마트. Turn right. About 30m ahead you will see a CU mart on your left. Rolling hall is right next door in the basement."		"https://www.facebook.com/rollinghall1995"	"02-325-6071"	"https://twitter.com/theRolling"	"http://rollinghall.co.kr/main/index.php"	"서울 마포구 서교동 402-22"	"롤링홀 / Rolling Hall"	37.548448669	126.920150132	"롤링홀 / Rolling Hall"	17
"<!--:en-->Broken Teeth<!--:--><!--:ko-->망원동 부러진 이빨<!--:-->"			"broken-teeth"	"seoul-%ec%84%9c%ec%9a%b8:Seoul 서울"	"2013/05/BrokenTeethLogo.jpg"			"망원역 2번 출구에서 시장 골목으로 30초 떨어진 신한부동산 지하에 있습니다.

Come out of exit 3 at Magwon Subway Station (Line 6). Go down the first side street on your right. Walk about 20m down that road and on your left you will see Shin Han estate agents (신한부동산). Brooken Teeth is in the basement under that estate agents."	"persona985@gmail.com"	"https://www.facebook.com/BrokenTeethSeoul"	"010-2295-8443"			"378-15 Mangwon-dong, Seoul, Korea"	"망원동 부러진 이빨 / Broken Teeth"	37.5556670044	126.9099164431	"망원동 부러진 이빨 / Broken Teeth"	19
"<!--:en-->Platoon Kunsthalle<!--:--><!--:ko-->플래툰 쿤스트할레<!--:-->"	"<!--:ko-->2009년 4월 11일, 플래툰 쿤스트할레가 드디어 그 모습을 드러냈다. 서울 강남 한복판에 세워진 플래툰 쿤스트할레는 독일의 쿤스트할레 개념을 적용한 문화 공간으로, 아시아 서브컬처의 새로운 거점을 예고하고 있다. 플래툰 쿤스트할레의 뒤에는 플래툰이 있다. 이들은 2000년 독일 베를린에 유럽본부를 설립하고 활동하는 아트 커뮤니케이션 그룹으로, 전세계 3,500여 각기 다른 분야의 전문가들과 커뮤니티와 네트워크를 형성하여 다양한 문화 활동을 전개하고 있다.

28개의 컨테이너가 모여 새로운 형태의 건축물을 구성한 플래툰 쿤스트할레의 모습은 그 자체로 상징적인 의미를 담고 있다. 일상품 보관과 수송에 사용되고 구조가 가변적인 선박 컨테이너는 그 어떤 건축물보다 이동이 자유롭고 세계로 옮겨진다. 이는 기존 화이트 큐브의 고정된 미술관이 담아내지 못했던 다양한 문화를 자유롭게 소화할 수 있는 최적의 공간이 바로 이곳임을 보여주는 것. 플래툰 쿤스트할레에서는 전세계적으로 전개되는 흥미로운 예술적 화두가 제 시되고, 비판적 메시지가 반영된다. 또 일상 생활에서 쉽게 지나칠 수 있는 일들에 대해 문제의식과 논쟁적인 관계를 이끌어가는 현재의 공간이다.

그리고 그 관심의 중심에는 ‘서브 컬처’가 있다. 고전적 개념의 순수 예술 범주에 국한되지 않으면서도 다양한 형태로 존재하는 동시대의 창조적 표현을 포괄하는 용어로 사용되는 서브 컬처. 이는 비록 스트리트 아트, 그래픽 디자인, 클럽문화, 음악, 비디오아트, 프로그래밍, 패션, 정치적 액티비즘, 등 순수 예술과는 다른 영역에서 활동해 온 사람들에 의해 태동되었으나, 창조적인 방식으로 각자의 환경에 관심을 가지고 그것을 새롭게 주조해 가려는 욕구를 공유하고 있다. 플래툰 쿤스트할레 역시 이러한 개념을 계승, 적용한다. 전시, 영화 상영, 공연, 멀티미디어 퍼포먼스, 워크숍 등 일상 생활 속의 예술적 흐름을 선보일 프로그램을 제공하고, 만남의 장소이자 토론의 공간으로써, 또 다양한 문화 행사를 선보이는 플랫폼으로서의 역할을 해나갈 것이다. 그 일환으로 아티스트 레지던스프로그램이 있다.

국내 외 젊은 아티스트들에게 작업을 할 수 있는 개인 작업실을 내주고 완성된 작품은 플래툰 쿤스트할레에서 전시할 기회를 제공한다. 또한 매월 서브컬처와 스트리트 아트를 기반으로 한 신선하고 주목할 만한 4개의 전시가 열린다. 그 중에는 국제적으로 손 꼽히는 아티스트들의 작품을 플래툰 쿤스트할레에서 선보일 것이다.<!--:--><!--:en-->PLATOON KUNSTHALLE opened its doors on 11th april 2009. PLATOON KUNSTHALLE is set up in seoul as a space for subculture in asia. its programmatic orientation towards cultural movements beneath the radar creates a dynamic space where new ideas are born and presented.

the PLATOON europe headquarters in berlin was established in 2000. it runs diverse culture and communication projects in cooperation with an international community of 3,500 creatives from all different professions.

PLATOON KUNSTHALLE is not about entertainment. the program will provide a communication platform for anybody interested in subcultural creative fields like street art, graphic design, fashion, video art, programming, music, club culture, political activism etc.

PLATOON KUNSTHALLE is built of 28 iso cargo containers. as icons of a flexible architecture in a globalized culture, the stacked containers form a unique construction that can be rebuilt anywhere else any time.

as PLATOON KUNSTHALLE is located in the upscale cheongdam area the confrontation of subculture with the close-by design houses, commercial galleries and luxury brand stores creates a tension and interaction between the two worlds.

PLATOON KUNSTHALLE provides showcases of underground artists, studio residencies and a fine selection of cutting-edge stage performances to introduce the energetic potential of subculture in korea and asia.

subculture at PLATOON KUNSTHALLE is presented in different formats like exhibitions, movie nights, concerts and multimedia performances, workshops, discussion panels and special events. the four scholarship programs give young upcoming artists from korea and abroad the opportunity to develop creative projects at the PLATOON KUNSTHALLE. the four showcases present every month striking works from the subculture and streetart field including leading artists of the international urban art scene.<!--:-->"	"<!--:ko-->플래툰 쿤스트할레<!--:--><!--:en-->Platoon Kunsthalle<!--:-->"	"platoon-kunsthalle"	"seoul-%ec%84%9c%ec%9a%b8:Seoul 서울"	"2013/05/Platoon-Logo.jpg"	"http://doindie.wpengine.com/wp-content/uploads/2013/05/Platoon-Map1.gif"		"지하철

7호선 학동역 10번 출구, 도산사거리 방면으로 도보로 10분

3호선 압구정역 3번 출구, 도산사거리 방면으로 도보로 15분


버스

신사역에서 일반버스 145, 440번 제일은행 정거장에서 하차

압구정역에서 일반버스 301, 472, 361번 영동고등학교 정거장에서 하차


Subway

hakdong station exit 10. 10 minutes walk or taxi
apgujung station exit 3. 15 minutes walk or taxi

Bus
145, 440 bus from sinsa station - get off at SC bank
301, 472, 361 bus from apgujung station - get off at Yongdong high school"	"jinjoo@platoon.org"	"https://www.facebook.com/platoon.seoul"	"02 -3447-1191~7"	"https://twitter.com/platoon_seoul"	"http://www.kunsthalle.com/"	"97-22 Nonhyeon-dong, Gangnam-gu, Seoul, South Korea, Seoul, Korea"	"플래툰 쿤스트할레 / Platoon Kunsthalle"	37.520427223	127.034898835	"플래툰 쿤스트할레 / Platoon Kunsthalle"	18
"<!--:ko--> 서울살롱<!--:--><!--:en-->Seoul Salon<!--:-->"	"<!--:ko--><div>이태원 경리단길에 위치한 서울살롱(SEOUL SALON)의 페이스북 페이지 입니다.</div><!--:--><!--:en-->Cafe and music venue near Noksapyeong<!--:-->"		"seoul-salon"	"seoul-%ec%84%9c%ec%9a%b8:Seoul 서울"	"2013/05/seoul-salon.jpg"			"Go out Noksapyeong Station Exit 2, Walk straight until you come to and underground walk

Go Across the road under the walk and turn left to go out

Walk straight until you come to a main road going up a hill to the right

Walk up the hill, Seoul Salon is about a 3 minute walk on your right just before a meat cooking restaurant"	"seoulsalon305@gmail.com"	"https://www.facebook.com/SeoulSalonProject"	"010-9090-6654"		"http://seoulsalon.tumblr.com"	"용산구 이태원 2동 305-4, Seoul, Korea 140-861"	"Seoul Salon"	37.5388282	126.9883297	"Seoul Salon"	18
"<!--:en-->Ruailrock<!--:--><!--:ko-->롸일락<!--:-->"	"<!--:ko-->Rock 은 장르가 아니다. 변모를 두려워 하지 않는 새로움의 정신이다.

Description

롸일락은 평일엔 신청곡을 들려주는 음악바로 또는 대관행사로

주말에는 각종 기획 공연장으로 찰바꿈하는 멀티음악소비 공간입니다.

매월 평일내지 금,토에 공연을 하고 있으며, 지방에 연고를 둔 밴드들과 서울밴드들과의 뜻깊은 조우공연을 기획하고 있습니다.

많은 밴드들의 신청을 바랍니다.<!--:-->"		"%eb%a1%b8%ec%9d%bc%eb%9d%bd"	"seoul-%ec%84%9c%ec%9a%b8:Seoul 서울"	"2013/10/RuailrockLogo.jpg"		"http://cafe.daum.net/ruailrock"	"홍대정문에서 -> 상수역 사거리에서 우회 합정 방면으로 -> 코아마트 뒷 골목/
상수역 -> 1번 출구 합정역 방면 20미터 -> 코아마트 뒷 골목/
합정역 -> 6번 출구 상수 방면으로 20 미터 ->코아마트 뒷 골목/
Come out of Sangsu station (line 6) exit 1 and walk straight down the road in the direction of Hapjeong station (about halfway down). When you see Core Mart on your right in front of you, turn right (into the Hongdae Parking Street). Take the first left. You will immediately see Rolling Hall on your right. Ruailrock is on the next block after Rolling Hall (right side of the street), in the basement."	"han6609@gmail.com"	"http://www.facebook.com/ruailrock"	1066090111	"https://twitter.com/ruailrock"		"서울시 마포구 서교동 402-3"		37.548419	126.9196896		19
"<!--:ko-->로라이즈<!--:--><!--:en-->Lowrise<!--:-->"	"<!--:en-->Lowrise is a community music space in Moonrae, Seoul. We host live music, parties, special events and ongoing contemporary art projects.<!--:-->"	"<!--:en-->Lowrise<!--:-->"	"lowrise"	"seoul-%ec%84%9c%ec%9a%b8:Seoul 서울"	"2013/05/lowrise-image.jpg"			"GO out Mullae Station Exit 7.

Go Straight until the major road intersection

Turn Left

Walk until you see the Evangelical Church Sign with the blue cross

Second Floor of that building"	"lowrise.seoul@gmail.com"	"https://www.facebook.com/LOWRISE.SEOUL"		"https://twitter.com/LOWRISE_SEOUL"		"문래동 3가 58-77 2층 안쪽문, Seoul, Korea 150-768"	"Lowrise"	37.514203793	126.895271642	"Lowrise"	16
"<!--:ko-->라이브 홀 오즈<!--:--><!--:en-->Live Hall Oz<!--:-->"	"<!--:ko-->라이브 콘서트홀 오즈(LIVE CONCERTHALL OZ)는 라이브콘서트를 위한 전용공연장으로서 음악콘서트를 전문으로 하며
음향,조명,악기를 상시로 갖춘 부산최초의 라이브콘서트홀입니다.

스텐딩공연(600명) 및 이동좌석식공연(최대250석)으로 이루어집니다.<!--:--><!--:en-->With room for up to 600 people this is one of the biggest venues in Busan.<!--:-->"	"<!--:ko-->라이브 콘서트홀 오즈<!--:--><!--:en-->Live Hall Oz<!--:-->"	"live-hall-oz"	"busan-%eb%b6%80%ec%82%b0:Busan 부산"	"2013/05/Live-Hall-Oz-Logo.jpg"	"http://doindie.wpengine.com/wp-content/uploads/2013/05/Live-Hall-OZ-Map.jpeg"	"http://blog.naver.com/jeessang/"			"https://www.facebook.com/groups/livehalloz"	"010-7547-1112"		"http://www.livehalloz.co.kr/"	"부산광역시 부산진구 부전로94 B1 (부전동 467-1번지) "	"라이브 콘서트홀 오즈 / Live Hall Oz"	35.1584303907	129.054874124	"라이브 콘서트홀 오즈 / Live Hall Oz"	17
"<!--:en-->KT&G SangSang Madang (Live Hall) <!--:--><!--:ko-->KT&G 상상마당 (라이브홀) <!--:-->"	"<!--:ko-->KT&amp;G 상상마당은 예술적 상상을 키우고 세상과 만나고 함께 나누며 행복해 지는 곳입니다.<!--:--><!--:en-->The Sangsangmadang is located right in the middle of the Hongik University district, better known as the Hongdae area. This is the city’s main student area and it’s a cauldron of vibrant energy and creativity. The eleven-story Sangsangmadang building houses a cinema, live performance hall, art gallery, and studio. On the first floor there is an art square, which displays and sells crafts and accessories handmade by designers. On the second floor is an art gallery displaying artwork by Korea’s contemporary artists, and work by Korea’s young artists is available for sale on the third floor, offering a glimpse into today’s young society in Korea. In the basement cinema, independent films from Korea and abroad are shown, and the underground live performance hall features various performances such as music, dance and theater.<!--:-->"	"<!--:ko-->KT&G 상상마당 라이브홀 <!--:--><!--:en-->KT&G SangSang Madang (Live Hall) <!--:-->"	"sangsang-madang"	"seoul-%ec%84%9c%ec%9a%b8:Seoul 서울"	"2013/05/SangSangLogo.jpeg"	"http://doindie.wpengine.com/wp-content/uploads/2013/05/SangSangMadangMap1.gif"	"http://blog.naver.com/sslivehall"	"<ul>
	<li><strong>지하철</strong>: 6호선 상수역 1번 출구 | 2호선 합정역 3번 출구, 홍대입구역 9번 출구</li>
	<li><strong>버스</strong>:    마을버스 마포08, 마포16 | 초록(지선)버스 7011</li>
	<li><strong>자가용</strong>: 서울시 마포구 어울마당로 65 (서교동 367-5) 로 주소검색 이용 부탁드립니다.</li>
</ul>
<ul>
	<li><strong style=""font-size: 13px; line-height: 19px;"">주차안내</strong></li>
</ul>
상상마당에는 별도의 주차공간이 없습니다. 대중교통수단을 이용하시기 바랍니다.
참고로, 상상마당 건물 앞쪽에 마포구청에서 운영하는 공영주차장이 있습니다. 공영주차장은 시간당 3000원의
요금이 부과됩니다. 오전 11시부터 밤 11시까지 요금이 부과되며, 주말에도 동일하게 적용됩니다.

1. Get off at Hongdae (Hongik University) Station (subway line 2), come out of exit 9. Continue straight, and then take the turning on your left immediately following VIPS restaurant. Continue along that road until you come to the Tourism Information Center. At this point, cross the road, and turn right off the main road into a shopping street. Continue along this street for about 10mins, until you find the Sangsangmadang (상상마당) on your right.

2. Get off at Hapjeong Station (subway line 2), come out of exit number 3, and walk for about 5~10 minutes

3. Get off at SangSu Station (subway line 6), come out of exit number 1, and walk for about 5 minutes

&nbsp;

&nbsp;"	"planet@sangsangmadang.com"	"https://www.facebook.com/ssmadang"	"02-330-6200"	"https://twitter.com/ssLiveHall"	"http://www.sangsangmadang.com/livehall/main.asp"	"서울특별시 마포구 어울마당로 65"	"KT&amp;G 상상마당 라이브홀 / KT&amp;G SangSang Madang (Live Hall) "	37.5509155	126.9210433	"KT&amp;G 상상마당 라이브홀 / KT&amp;G SangSang Madang (Live Hall) "	19
"<!--:en-->KeuKeu (Live Shit)<!--:--><!--:ko-->ㅋㅋ (라이브씻)<!--:-->"	"<!--:ko--><div>ㅋㅋ라이브앁은 다목적 문화 공간으로서 음악과 함께 즐길수있는 다양한 문화적 체험을 선보입니다</div>
<div>라이브콘서트/ 디제이 파티/ 브랜드행사/프라이빗 파티/ 퍼포먼스/ 작가전시 등등
매주 새롭게 기획되는 다양한 이벤트를 통하여 참여하는 개개인들이 순수하게 음악과 문화를 즐길수있길 바랍니다</div><!--:--><!--:en--><div>Keu Keu Live Shit is a multi purpose venue in the heart of Apgujeong. We have regular live concerts and DJ parties.</div>
<div>We also cater for brand events, private parties, performance arts, art exhibitions etc.</div>
<div>We have new and exciting events every week, so come and enjoy the music and what ever else we have on.</div><!--:-->"	"<!--:ko-->ㅋㅋ 라이브씻<!--:--><!--:en-->KeuKeu Live Shit<!--:-->"	"keukeu"	"seoul-%ec%84%9c%ec%9a%b8:Seoul 서울"	"2013/05/keukeulogo.jpg"	"http://doindie.wpengine.com/wp-content/uploads/2013/05/KeuKeuMAp2.jpg"		"분당선 압구정로데오역 5번출구에서 5분정도 쭉 걸어오시면 바로오른편에 주차장이 있는 큰 커피숍이 나옵니다~ 바로 그 건물쪽 지하에 클럽 '크크'가 자리하고있어요~~

Come out of exit 5 at Apgujeongrodeo Station (Bundang Line {Yellow}) and walk straight. When you get almost opposite the big gorilla climbing a building (far side of the road) club KeuKeu will be on your right, in the basement."	"xqweipo@gmail.com"	"https://www.facebook.com/keu.keu.10"	"010 6666 6966"			"강남구 신사동 666-8"	"ㅋㅋ 라이브씻 / KeuKeu Live Shit"	37.5240300142	127.03902354	"ㅋㅋ 라이브씻 / KeuKeu Live Shit"	11
"<!--:en-->Jebidabang<!--:--><!--:ko-->제비다방<!--:-->"	"<!--:ko-->지난 2012년 4월, 상수동에 문을 연 ‘제비다방’은 문화지형연구소 씨티알에서 운영하던 레몬쌀롱을 옮겨 새롭게 문을 연 곳으로 누구나 손쉽게 문화 예술을 나누고 함께 즐길 수 있는 문화공간입니다. 2005년부터 운영해오던 레몬쌀롱을 바탕으로 좀 더 개방적이고 다양한 문화 예술 프로젝트의 진행을 위해 인근 상수동으로 그 자리를 확장했습니다.

지하1층, 지상1층에 위치한 ‘제비다방’은 같은 건물 2층 3층에 위치한 씨티알의 문화 지형 테스트 사이트로서, 커피와 술을 파는 단순한 상업장소가 아니라 씨티알에서 기획하는 다양한 놀거리, 볼거리, 즐길거리 등 새로운 문화콘텐츠를 선보이는 일종의 전시장이자 공연장이며 놀이터입니다.

낮에는 값싸고 질 좋은 커피와 함께 아늑하게 쉬거나 작업할 수 있는 공간을 제공하며, 저녁에는‘취한제비’라는 이름으로 술잔을 기울이며 누구나 함께 문화 예술을 즐길 수 있는 안식처로 탈바꿈합니다.<!--:--><!--:en-->A super intimate venue that hosts a variety of bands.<!--:-->"		"jebidabang"	"seoul-%ec%84%9c%ec%9a%b8:Seoul 서울"	"2013/08/Jebidabang.jpg"			"6호선 상수역 3번 출구에서 한강쪽으로 50미터.
Come out of exit 3 at Sangsu Station (Line 6), head in the direction of the river Han for around 50m."	"info@ctrplus.com"		"02 325 1969"	"https://twitter.com/ctrjebi"	"http://www.jebidabang.com"	"서울시 마포구 와우산로 24"		37.5465823	126.9231065		11
"<!--:en-->Tungsten Hall<!--:--><!--:ko-->텅스텐 홀<!--:-->"	"<!--:ko-->텅스텐 홀은 창고, 디자인 스튜디오, 의류 사무실, 개인 합주실을 거치며 음악과 영상 부문에서 활동하던 두 젊은 창업자에 의해 2012년 복합문화공간으로 태어나게 되었습니다. 기존 공간들이 한가지 분야에 특화되어 운영되던 것에 반해, 텅스텐 홀은 두 창업자의 각자 활동 영역이었던 음악과 영상 분야를 아울러 공연, 전시, 상영, 카페, 파티 및 실험적 창작 공간으로 활용되고 있습니다. 현재 텅스텐홀은 음반 기획사인 매직스트로베리사운드의 과 브랜드 제휴를 맺고 텅스텐홀 내에 계약 입점한 상태이며 딸기다방은 텅스텐 홀과는 색깔이 다른 기획공연, 프리마켓 등 다양한 이벤트를 제공하고 있습니다. 텅스텐 홀은 딱딱한 규칙에 얽매이지 않고 다양한 활용 방법을 여러분과 모색하고 폭 넓은 사례를 만들어 나가는데 주저하지 않습니다.<!--:-->"		"tungsten-hall"		"2013/10/TungstenHall.png"	"http://doindie.staging.wpengine.com/wp-content/uploads/2013/10/Tungston.png"		"홍대역 8번 출구에서 나와서 바로 오른쪽있는 길로 따라 오면 'Cafe Egro'라고 하는 커피숖이 보입니다. 거기서 왼쪽으로 틀어 Family Mart가 나오면 우회전 하세요. 그리고 나오는 언덕을 올라가면 오른쪽에 텅스텐 홀이 있습니다. 클럽 빵 가기 조금 전 맞은 편에 있으며 지하 1층입니다.

Go out exit 8 of Hongik Station, take an immediate right. Turn left @ the coffee shop onto a wide street. Take a right at the family mart on the next block, walk up the hill past strangefruit. Tungsten Hall is about two thirds up the hill, across from Club Bbang."	"pessivesto@gmail.com"	"https://www.facebook.com/tungsten.cc"	"070-8847-7749"		"http://www.tungsten.cc"	"마포구 서교동 335-5번지 삼빌딩 B1F 101호, Seoul, Korea 121-836"		37.5550068	126.9283375		
"<!--:en-->Daegu Music Garage (Horus)<!--:--><!--:ko-->대구 음악창고 (호루스)<!--:-->"	"<!--:ko-->호루스는 2011년 12월에 처음 문을 열었습니다. 주중과 일요일에는 연습실로 사용되는 공안으로서, 금/토에만 공연장 겸 간이바 형식으로 사용하고 있습니다. 대단한 걸 하기 보다는 볼품없어도 직접한다는 주인장, 본인의 DIY(Do It Yourself, 스스로 필요한 것을 만들어 내기) 정신으로, 허름하지만 자유로운 분위기속에서 여러 실험들을 해 나가고 있습니다.<!--:--><!--:en-->Horus, a.k.a Music Garage, opened in Dec. 2011. It is open as a practice space on weekdays and Sunday, and running as a live bar on Friday and Saturday.<br />
It is not a nice and beautiful place, but based on D.I.Y Spirit, lots of musical/artistic experiment is going on there.<!--:-->"		"daegu-music-garage"	"daegu-%eb%8c%80%ea%b5%ac:Daegu 대구"	"2013/09/horus-logo1.jpg"		"http://cafe.naver.com/hmg7775"		"philan.gmm@gmail.com"	"https://www.facebook.com/groups/horusmusicgarage"	"010-8218-1114"			"대구 중구 삼덕동1가 21-23번지 3층"		35.8676994	128.5983234		
"<!--:en-->Club Realize<!--:--><!--:ko-->클럽 리얼라이즈<!--:-->"	"<!--:ko-->2010년 5월을 시작으로 1년에 최소 자체적인 기획 100회 이상의 공연과 다양한 파티를 진행중이며 락, 메탈은 물론이며 힙합과 하드코어 음악이 함께하는 많은 국내,외 인디밴드 들과 뮤직 아티스트들의 보금자리로 자리매김하고 있는 곳입니다.

매주 금,토,일 공연 또는 파티를 진행하며

자체적인 동명레이블 Realize Records을 운영하여 음반을 위한 녹음이나 부산의 인디문화를 선동하는 클럽이기도 합니다.<!--:--><!--:en-->Club Realize opened in May 2010 and holds regular concerts (rock, metal, hardcore etc). The have shows most Fridays, Saturdays and Sundays. <!--:-->"		"club-realize"	"busan-%eb%b6%80%ec%82%b0:Busan 부산"	"2013/09/LOGO.jpg"		"http://blog.naver.com/blind5202"	"경성대 부경대역 1번출구에서 5분거리"	"blind5202@naver.com"	"https://www.facebook.com/groups/clubrealize/"	"010-5581-5646"		"http://www.clubrealize.com"	"부산광역시 남구 대연동 54-29번지 5층"		35.1376223	129.1021874		
"<!--:en-->Club Crack<!--:--><!--:ko-->클럽 크랙<!--:-->"	"<!--:ko-->[OPEN] 홍대에 새롭게 오픈한 공연장 CLUB CRACK

1. 클럽크랙은 홍대에 위치한 중대형 Live Hall 입니다.

- 스탠딩 공연 : 300명이상

- 좌석 공연: 150명이상

2. 홍대 / 방배 ATC 합주실 이용 고객분들께는 대관할인 혜택이 있습니다.

3. 클럽 크랙 [ CLUB CRACK ] 의 정기 기획 공연에서 ATC 합주실 고객팀의 무료 공연을 기획하고 있습니다.<em id=""__mceDel"" style=""font-size: 13px; line-height: 19px;""> </em>

4. 자세한 사항은 아래번호로 문의 바랍니다.<!--:--><!--:en-->CLUB CRACK
The BEST venue for Hip Hop, located in Hongdae, Seoul, S.Korea. Come through and have a blast!!<!--:-->"	"<!--:ko-->클럽 크랙<!--:--><!--:en-->Club Crack<!--:-->"	"club-crack"	"seoul-%ec%84%9c%ec%9a%b8:Seoul 서울"	"2013/05/Club-Crack-Logo.jpg"	"http://doindie.wpengine.com/wp-content/uploads/2013/05/Club-Crack-Map.gif"			"hjisang1@naver.com"	"https://www.facebook.com/pages/CLUB-CRACK/323201067473"	"02 796-3207"		"http://www.atctown.com/"	"마포구 서교동 401-6 지하 1층"	"클럽 크랙 / Club Crack"	37.5486519	126.9191544	"클럽 크랙 / Club Crack"	19
"<!--:en-->All Of Rock (A.O.R)<!--:--><!--:ko-->All Of Rock (A.O.R)<!--:-->"	"<!--:ko--><strong>안녕하세요.클럽 올오브락 ALL OF ROCK  /  A.O.R  입니다.</strong>

건반과 믹서가 업그레이드 되었습니다.(이제는 리허설과 다름없는 모니터링이 가능합니다.)
멀티채널 녹음도 가능하게 되었습니다.^^

<strong>뮤지션마음으로 없는자금에도 음향과 조명등에 아주 최고는 아니더라도 최고급으로 투자를 하여 소규모 클럽중에는 최고라고 감히 말씀드릴 수 있습니다.</strong>

<strong>항상 좋은 환경과 무대, 사운드에 최선을 다하는 클럽 ALL OF ROCK 입니다. </strong><strong>많은 관심부탁드립니다.</strong>

<strong>대관문의전화: 010-5500-8711 / 010-6783-4677(공연중에는 전화를 못받을수 있습니다.문자 남겨주시면 되도록 빨리 연락 드리겠습니다.)</strong><!--:-->"	"<!--:ko-->All Of Rock (A.O.R)<!--:--><!--:en-->All Of Rock (A.O.R)<!--:-->"	"all-of-rock-a-o-r"	"seoul-%ec%84%9c%ec%9a%b8:Seoul 서울"	"2013/05/All-Of-Rock-Logo.jpg"	"http://doindie.wpengine.com/wp-content/uploads/2013/05/All-Of-Rock-Map.jpg"			"chojang0413@hanmail.net"		"010-5500-8711"		"http://www.allofrock.co.kr"	"서울 마포구 서교동 325-26"	"All Of Rock (A.O.R)"	37.5548128	126.9303854	"All Of Rock (A.O.R)"	19
"<!--:en-->Freebird<!--:--><!--:ko-->프리버드<!--:-->"	"<!--:ko--><div>

홍대에서 가장 유명한 라이브 클럽입니다. 1995년에 문을 연 이래 계속 같은 자리를 지키고 있습니다. 인디락 중심의 라이브 밴드들이 활동하고 있으며 어퍼뮤직(UPPER MUSIC)에서 운영하고 있습니다. 또한 동 건물 5층에 프리버드 연습실도 최근에 오픈하여 밴드들에게 제공하고 있습

</div><!--:--><!--:en--><div>

One of Hongdae's most famous live clubs. It has been in the same location since it opened in 1995 and caters to all kinds of live music. It is also the hom to 'Upper Music', an independent indie music label and has some practice spaces on the 5th floor.

</div><!--:-->"	"<!--:en-->Freebird<!--:-->"	"freebird"	"seoul-%ec%84%9c%ec%9a%b8:Seoul 서울"	"2013/05/FREEBIRDLOGO.jpg"	"http://doindie.wpengine.com/wp-content/uploads/2013/05/FREEBIRDMAP1.jpg"	"http://cafe.daum.net/clubfreebird"	"<strong>자가용으로 오시는 방법(주차공간 없음, 가능한 대중교통을 이용)</strong>

홍대역 사거리 &gt; 홍대정문앞 &gt; 홍대앞 놀이터 옆길(일방통행) &gt; 200M 이동 &gt; 클럽 캐치라이트, 아디다스 &gt; 좌회전 골목 &gt; 클럽프리버드

신촌 &gt; 홍대방향 좌회전 &gt; 산울림소극장 &gt; 홍대정문앞 삼거리 직진 후 바로 3시 방향 골목(일방통행) &gt; 200M 이동 &gt; 클럽 캐치라이트, 아디다스 &gt; 좌회전 골목 &gt; 클럽프리버드

상수역 사거리 &gt; 극동방송 &gt; 삼거리포차 &gt; 죄회전 &gt; 주차장 골목 우회전 &gt; 럭셔리 수노래방 &gt; 두번째 럭셔리 수노래방(패션골목) 뒤편 &gt; 클럽 캐치라이트, 아디다스 &gt; 우회전 골목 &gt; 클럽프리버드

<strong>지하철타고 오시는 방법</strong>

지하철 2호선 홍대입구역 9번 출구 &gt; 홍대 정문 방향 &gt; 패션골목쪽으로 좌회전 &gt; 원조 수노래방 앞 사거리 우회전 &gt; 아디다스 앞 좌회전 &gt; 클럽프리버드

지하철 6호선 상수역 1번 출구 &gt; 극동방송 &gt; 삼거리포차 &gt; 홍대정문앞 &gt; 홍대앞 놀이터 옆길(일방통행) &gt; 200M 이동 &gt; 클럽 코쿤, 아디다스 &gt; 좌회전 골목 &gt; 클럽프리버드

&nbsp;

Come out out of exit 9 at Hongdae Station (Line 2), walk straight and take the first main road on your left at 'Omuto Tomatoe'  and walk up the hill towards Hongdae University. Take a right along the smaller road (with lots of small clothes shops on it) opposite Starbucks coffee shop.  Follow that road up the hill, take a left at the big karaoke room (large white building) and take a right at the shop. Freebird is 50m down the alley on the right.

Come out of Sangsu station (Line 6) exit 1, and immediately turn round and follow the road in the direction of Hongdae University. Follow the road all the way until you are at the main gate for Hongdae University. Cross over in to the small park that is almost opposite. Cross through the park and follow the road down to the left. When you see an Adidas shop, take a left down the small alley. Freebird is at the end of the alley.

&nbsp;

Come out of Exit 5"	"skylerjeong@gmail.com"	"https://www.facebook.com/clubfreebird"	"02-335-4576"	"https://twitter.com/club_Freebird"	"http://www.clubfreebird.com/"	"서울시 마포구 서교동 364-22"	"프리버드 / Freebird"	37.5520317026	126.921889519	"프리버드 / Freebird"	20
"<!--:en-->Strangefruit<!--:--><!--:ko-->스트레인지프룻<!--:-->"	"<!--:en-->A tiny / intimate venue in Hongdae that regularly has great bands playing there. The owner is a great guy and music lover. When there are no shows on, its a great place to hang out and have a beer (you can be sure there will be great music playing).<!--:-->"	"<!--:ko-->스트레인지프룻<!--:--><!--:en-->Strangefruit<!--:-->"	"strangefruit"	"seoul-%ec%84%9c%ec%9a%b8:Seoul 서울"	"2013/05/StrangeFruit-Logo.jpg"	"http://doindie.wpengine.com/wp-content/uploads/2013/05/Strangefruit-Map1.jpg"		"홍대역 8번 출구에서 나와서 바로 오른쪽있는 길로 따라 오면 'Cafe Egro'라고 하는 커피숖이 보입니다. 거기서 왼쪽으로 틀어 Family Mart가 나오면 우회전 하세요. 조금만 위로 올라가다보면 왼쪽에 스트레인지 프룻(지하)이 있어요.

Go out exit 8 of Hongik Station, take an immediate right. Turn left @ the coffee shop onto a wide street. Take a right at the family mart on the next block, you'll see Strange Fruit four doors down on the left hand side (basement bar).

 

 "	"drblues2@gmail.com"	"https://www.facebook.com/strangefruit.seoul"	"010 4282 1314"		"http://www.strangefruit.co.kr"	"서울특별시 마포구 서교동 330-15번지 지하1층"	"스트레인지프룻 / Strangefruit"	37.5562893258	126.926746391	"스트레인지프룻 / Strangefruit"	14
"<!--:en-->D.D.DA<!--:--><!--:ko-->디디다<!--:-->"	"<!--:en-->A small cafe with regular live shows (Jazz bands on Fridays and Indie bands on Saturdays). They also have poem recitals and small art exhibits.<!--:--><!--:ko-->금요일은 재즈밴드, 토요일은 인디밴드 공연이 있고, 일주일에 1~2번 게릴라 공연도 펼쳐지는 공연 카페. 신인 작가의 그림과 사진 전시도 볼 수 있다.<!--:-->"	"<!--:en-->D.D.DA<!--:--><!--:ko-->디디다<!--:-->"	"d-d-da"	"seoul-%ec%84%9c%ec%9a%b8:Seoul 서울"	"2013/05/DDDaLogo.jpeg"	"http://doindie.wpengine.com/wp-content/uploads/2013/05/d-d-da-map.jpg"	"http://cafe.naver.com/balddda"	"지하철 6호선 상수역 1번 출구에서 50m 정도 걸어 올라가면 오른편에 색다른 공간이 있다. 색색이 페인트칠한 삐뚤빼뚤한 계단을 오르면 나타나는 디디다(DD.DA).

Come out of Exit 1 at Sangsu Station (Line 6) walk straight. D.D.Da will be on your right hand side. If you get to a small side road going to the right. You have gone about 10m past it."			"02 3142 5750"	"https://twitter.com/cafeDDDA"		"서울시 마포구 상수동 310-14"	"디디다 / D.D.DA"	37.5478973424	126.9221857	"디디다 / D.D.DA"	19
"<!--:en-->Curly Sol<!--:--><!--:ko-->Curly Sol<!--:-->"	"<!--:en-->Small Cafe Near Sinchon Station with occasional live music<!--:-->"		"curly-sol"	"seoul-%ec%84%9c%ec%9a%b8:Seoul 서울"	"2013/05/Curly-Sol.jpg"			"From Sinchon Station exit 7 go out and cross the road in front of you.

Continue to walk straight after you cross the road up the hill

Turn right at the 4th small road leading into the love hotel area, walk straight

Curly Sol is on your right as you round the curve"		"https://www.facebook.com/pages/Curly-Sol-Partners/40398089300"	"070-4211-8953"		"http://www.curlysol.com/"	"Mapo, Shinsoo, 81-15 1F, Seoul, Korea"		37.5512812138	126.936998457		19
"<!--:en-->Club TA<!--:--><!--:ko-->클럽 타<!--:-->"	"<!--:en-->One of the original Hongdae live cubs, Ta is a fantastic basement club in the middle of Hongdae. Always has high quality bands playing from all genres.<!--:--><!--:ko-->홍대앞 라이브클럽의 최강자! 라이브 클럽 打!<!--:-->"	"<!--:en-->Club TA<!--:--><!--:ko-->클럽 타<!--:-->"	"club-ta"	"seoul-%ec%84%9c%ec%9a%b8:Seoul 서울"	"2013/05/Club-Ta-Logo.jpg"	"http://doindie.wpengine.com/wp-content/uploads/2013/05/ClubTa-Map1.jpg"	"http://cafe.daum.net/liveclubta"	"상수역1번출구로 나와서 뒤로 돌면 홍대 방향으로 가는 대로가 있습니다. 홍대방향으로 계속 직진하다가 세븐일레븐 보이면 클럽 골목으로 들어가세요 (세븐일레븐 앞에서 왼쪽 방향). 그 골목으로 30미터(쯤) 정도 직진하면 오른쪽에 클럽 타가 보일겁니다.

Take the subway to Sangsu station on Line 6 (exit #1) - double back on yourself keep going straight towards Hongik University. Take a left onto the street before the 7-Eleven. Walk straight along that road about 30m - you will see Club Ta on your right."	"qjeon1@empal.com"	"https://www.facebook.com/theliveclubta"	"02-6085-5150"	"https://twitter.com/ClubTA"		"마포구 서교동 407-6 B1, Seoul, Korea 121-895"	"클럽 타 / Club TA"	37.5502869377	126.922551769	"클럽 타 / Club TA"	18
"<!--:en-->Club Spot<!--:--><!--:ko-->클럽 스팟<!--:-->"	"<!--:en-->Basement live club in heart of Hongdae - All Kinds of Punk, Ska, Hardcore and Indie Rock.<!--:-->"	"<!--:en-->Club Spot<!--:--><!--:ko-->클럽 스팟<!--:-->"	"club-spot"	"seoul-%ec%84%9c%ec%9a%b8:Seoul 서울"	"2013/05/Club-Spot-Logo.jpg"	"http://doindie.wpengine.com/wp-content/uploads/2013/05/Club-Spot-Map1.jpg"	"http://www.cafe.daum.net/clubspot"	"홍대입구역에서 9번출구로 나가고 직진으로 가세요. 첫번 사거리에서 좌회전합니다. 태평양 약국에서 우회전, 첫뻔째 골못으로 들오옵니다. 올라오시는길 왼쪽에 놀이터 공원있습니다. 조금만 올라오시면 오른편에 스팟이 있습니다.

Come out of exit 9 at Hongdae University Station (Line 2) and walk straight. Turn left at the first main intersection and walk up the hill until the intersection in front of Hongdae University's main gate. Turn right and take the first small road on your right (it runs up and parallel to the small park). Spot will be on your right hand side next to Smoothie King.

&nbsp;

&nbsp;"	"liveclubspot@gmail.com"	"https://www.facebook.com/ClubSpotHongdae"	"010-3801-6717"	"https://twitter.com/CLUB_SPOT"		"서울시 마포구 서교동 358-34번지 지하1층-, Seoul, Korea"	"클럽 스팟 / Club Spot"	37.5525382106	126.923393754	"클럽 스팟 / Club Spot"	17
"<!--:en-->Club Heavy<!--:--><!--:ko-->클럽 헤비<!--:-->"	"<!--:en-->Club Heavy is a 17 years old, legendary live club, representing Daegu Live Scene. Hundreds of bands, from Daegu and other cities, have been performing at this club, and it is still incubating future rock stars.<!--:--><!--:ko-->* 클럽헤비소개

대구의 인디밴드 전문공연장인 클럽헤비는
대한민국 인디락의 1세대가 태동하던 1994년에 처음 시작되어
1996년2월에 첫 공연을 치루면서 락클럽형태의 모습으로 자리 잡았습니다.
서울의 홍대쪽에만 집중되어있는 인디락씬에 비하여 평가절하 되어있는 지역의 락씬을 지키기 위해 음반발매, 지역밴드의 전국투어, 기획공연등을 밴드들과 함께 만들어가며 쉬임없이 노력하여 전국적으로 대구의 대표클럽으로 인정받고있습니다.
클럽헤비는 한국 락음악 역사의 한페이지를 당당히 장식하며 미래의 음악산업에 큰 영향을 끼칠 인디음악과 밴드의 둥지역할을 묵묵히 하고 있습니다.

*클럽헤비특징

한 장르만 고집하는것 보다는 여러형태의 음악과 ,공연무대가 매주말 열립니다
다양한 인디음악과 퍼포먼스를 즐길 수 있으며
관객끼리의 모임도 자율적으로 활발하게 이루어지고있습니다.
힙합트레인과 펑크데이라는 자체공연브랜드는 이미 최고의 힙합공연으로 알려져있습니다.
방송매체에서 흔히 볼수있는 대중음악도 좋지만 강렬한 울림을 가지고있는 진지하고 실력있는 밴드들의 다양한 인디음악을 접할수있는 곳은 단연 클럽헤비뿐입니다.
유명인디밴드들의 음반발매공연이나 전국투어도 자주 열려 서울까지 가지 않아도 손쉽게 무대가까이 볼 수 있습니다
마음이 젊은 청춘들이 그 젊음을 즐기며 눈치보지않고 마음껏 자유로움을 표현할수있는곳이 바로 클럽헤비입니다.
16년간의 오랜역사가 있는곳인만큼 음악매니아뿐만 아니라 학생, 일반인 모두 편안하게 찾아와 즐길수있는 열린 문화공간으로서의 역할을 이어가고있습니다<!--:-->"	"<!--:en-->Club Heavy<!--:--><!--:ko-->클럽 헤비<!--:-->"	"club-heavy"	"daegu-%eb%8c%80%ea%b5%ac:Daegu 대구"	"2013/05/Club-Heavy-Logo.jpg"	"http://doindie.wpengine.com/wp-content/uploads/2013/05/Club-Heavy-Map.gif"	"http://cafe.daum.net/clubheavy96"			"https://www.facebook.com/clubheavy"	"010-2338-1340"	"https://twitter.com/clubheavy96"		"대구 남구 대명3동 1896-5"	"클럽 헤비 / Club Heavy"	35.8541394	128.5834047	"클럽 헤비 / Club Heavy"	14
"<!--:en-->Club Bbang<!--:--><!--:ko-->클럽 빵<!--:-->"	"<!--:en-->Live Club BBang

<em id=""__mceDel"">Cafe Bbang was originally established in 1994 near Ewha Women's University but has recently moved to Hongdae. It hosts live music, film screenings, art exhibitions and parties, providing a haven for up-and-coming musicians and artists. Café Bbang is a bohemian, non-judgmental, uber-comfortable place where the arts can breathe freely. Musicians/artists from various genres and new genres together are liberated from the constraints of society and classification to express anything---any emotion, any idea they want. As a result, both audience member and performer get something out of an experience at Bbang: a mental/spiritual catharsis.
Café Bbang = artistic synergy + artistic catalyst</em><!--:--><!--:ko-->라이브클럽빵
빵은 이대후문 건너편에서 1994년에 문을 열어 운영하다 2004년초에 홍대앞으로 옮겨왔습니다.
빵은 모던록 라이브클럽, 갤러리, 카페 등 다양한 활동이 이뤄지는 복합문화공간입니다.
매주 목,금,토,일 저녁에 다양한 젊은 뮤지션들이 공연합니다.
재기발랄한 젊은 작가들이 전시회를 열기도 합니다.
때때로 이런저런 모임과 특별한 프로그램을 진행하기도 합니다.
빵은 괜찮은 카페로 사랑방으로 무엇이든 담을 수 있는 공간으로 늘 달리고 싶습니다.
함께 해요.<!--:-->"	"<!--:en-->Club Bbang<!--:--><!--:ko-->클럽 빵<!--:-->"	"club-bbang"	"seoul-%ec%84%9c%ec%9a%b8:Seoul 서울"	"2013/05/BbangLogo.jpg"	"http://doindie.wpengine.com/wp-content/uploads/2013/05/Bbang-Map1.jpg"	"http://cafe.daum.net/cafebbang"	"-길눈이 어두운 분들은 처음 올때 약도를 뽑아서 찾아오면 좀 편하지 않을까 싶습니다.

-드라마 커피프린스 촬영장 맞은편에 빵이 있습니다.
커피랩도 옆에 있습니다.

-홍대전철역이나 신촌전철역이나 거리는 비슷하지만 대체로 홍대전철역에서 찾아옵니다.
홍대전철역 4번출구가 8번으로 바뀌었습니다. 4번이 아니라 8번입니다.

-빵이 있는 건물1층에 은혜컴퓨터크리닝(세탁소),부동산 등이 있습니다.

-서울시 마포구 서교동 327-18번지 지하
(길을 설명해도 잘 알아듣지 못할때가 있는데 스마트폰이면 지도검색으로 오면 편리합니다)

* 지도는 조만간 업그레이드 하겠습니다"	"cafebbang@hanmail.net"	"https://www.facebook.com/cafebbang"	"010-8910-1089"	"https://twitter.com/cafebbang"	"http://cafe.daum.net/cafebbang"	"서울시 마포구 서교동 327-18번지 지하"	"클럽 빵 / Club Bbang"	37.554888536	126.929358314	"클럽 빵 / Club Bbang"	19
"<!--:en-->CJ Azit<!--:--><!--:ko-->CJ 아지트<!--:-->"	"<!--:en--><span style=""font-size: 13px; line-height: 19px;"">CJ Azit has everything from concerts to movies, musicals and plays. </span><!--:--><!--:ko-->음악, 영화, 뮤지컬, 연극 창작자들의 꿈이 즐거운 일상이 되는 공간.<!--:-->"	"<!--:en-->CJ Azit<!--:--><!--:ko-->CJ 아지트<!--:-->"	"cj-azit"	"seoul-%ec%84%9c%ec%9a%b8:Seoul 서울"	"2013/05/CJ-AZIT-LOGO.gif"	"http://doindie.wpengine.com/wp-content/uploads/2013/05/CJ-Azit-Map1.gif"	"http://blog.naver.com/cjazit"	"<strong>지하철</strong>

6호선 광흥창역 4번 출구 -&gt; 뒤로 돌아 파리바게트를 지나 좌측으로 약 300m 직진 -&gt; 피자헛 앞에서 건널목을 지나 약 100m 직진 후 왼편에 위치 (도보 약 5분 소요)

<strong><span style=""font-size: 13px; line-height: 19px;"">버스</span></strong>

마을버스: 마포 11번(신수중학교), 마포 12번(신수중학교)

간선버스(Green): 753번 (서강동 주민센터), 153(광흥창역 서강동 주민센터)

지선버스 (Blue): 5713(광흥창역 서강동 주민센터), 7013(신수중학교)

Come out of exit 4 at Gwangheungchang station (Line 6) and immediately turn around to face the opposite direction. Turn left just past Paris Baguette. Walk straight for about 300m. At Pizza Hut go straight over the crossroads and continue along that road for about 100m (When you get to a bridge, its just up on your left hand side). CJ Azit will be on your left hand side.

&nbsp;"		"https://www.facebook.com/azitCJ"	"02-3272-2616"	"https://twitter.com/cjazit"	"http://www.cjazit.org/"	"마포구 신정동 145-9, Seoul, Korea 121-140"	"CJ 아지트 / CJ Azit"	37.5442420298	126.930215481	"CJ 아지트 / CJ Azit"	19
"<!--:en-->Cafe Unplugged<!--:--><!--:ko-->카페 언플러그드<!--:-->"	"<!--:en-->A coffee shop / live venue. The 4th floor is a coffee shop with guitars you can play, the 5th floor is a live music space.
<span style=""font-size: 13px; line-height: 19px;"">
</span><!--:--><!--:ko-->홍대에 떠있는 작은 음악의 섬 카페 언플러그드 입니다

카페언플러그드는 인디뮤지션과 음악을 가장 가깝게, 가장 꾸밈없이
만나는 공연을 목표로 소박하고 진솔한 공연을 진행하고있습니다

매주 목요일저녁에는 카페안 작은 공연 Between The Cafes
금, 토요일에는 작은 공연장에서 멋진음악 들려드리고 있구요
일요일에는 오픈마이크를 진행하고있어요

그외 '팟캐스트(Podcast) 언플러그드 라디오'를 통해서도
인디뮤지션들의 음악을 어디서든 들으실수있는 작은 방송도 하고있고

그외 음악을 사랑하는 분들을 위한 어쿠스틱 기타 카페운영과
기타레슨과 우쿨렐레 레슨도 있으니 인디음악을 좋아하시고
악기도 배우고 싶으시다면 언제든 환영해요<!--:-->"	"<!--:en-->Cafe Unplugged<!--:--><!--:ko-->카페 언플러그드<!--:-->"	"cafe-unplugged"	"seoul-%ec%84%9c%ec%9a%b8:Seoul 서울"	"2013/05/CAFEUNPLUGGEDLOGO.jpg"	"http://doindie.wpengine.com/wp-content/uploads/2013/05/CafeUnpluggedMap1.jpg"	"http://cafe.naver.com/cafeunplugged"	"<strong>지하철</strong>

2호선 홍대입구 9번출구에서 나온 방향으로 계속 직진하시다 보면 건널목을 건너 신선설농탕이 보이구요 거기서
홍대정문방향으로 한 100m 쯤 올라오시다 화장품 가게(토니모리)를 오른쪽으로 끼고 주차장 골목(질러노래방, 상상마당 방향)으로 우회전하세요

골목으로 한 30m 오시면 일층에 타로사주카페, 2층에 BoB 헤어샵 있는
건물이 보이시면 아주 작게 3층높이에 '언플' 간판이 보이실꺼예요 (옆건물엔 성심 부동산이 있어요)

간판이 달린 건물의 4층이 바로 카페 언플러그드 랍니다.

위에 설명듣고도 도저히 모르시겠단 분은 홍대 9번 출구에서 주저말고 전화주세요
스마트 폰이 있으신분들은 지도검색하시고 주소치고 찾아오시는 방법도 있어요!^^

주소 : 서울시 마포구 서교동 358-65 원빌딩 4층

&nbsp;

<strong>자가용 이용시</strong>

우선 차량은 홍대주변에 주차가 아주 어렵기 때문에 권하지 않습니다 ㅠㅜ
카페 바로 앞에 공영주차장이 있으나 저녁에는 거의 자리가 없기때문에 어렵구요
꼭 차를 가져오셔야한다면 주변의 유료주차장(1시간당 3500~ 4000원) 을 이용하시거나 근처의 합정역이나 상수역등 약간 멀리떨어진 곳의 공영주차장이나 골목길에 차를 안전하게? 주차하시고 걸어오시는것이 좋을 것 같습니다.

&nbsp;

&nbsp;"	"cafeunplugged2@gmail.com"	"https://www.facebook.com/music.cafeunplugged"	"010-2215-9251"	"https://twitter.com/cafe_unplugged"	"http://cafe.naver.com/cafeunplugged"	"서울시 마포구 서교동 358-65 원빌딩 4층
"	"카페 언플러그드 / Cafe Unplugged"	37.5538332819	126.922389889	"카페 언플러그드 / Cafe Unplugged"	19
"<!--:en-->Banana Bar<!--:--><!--:ko-->바나나 바<!--:-->"	"<!--:en-->An expat favorite with open mic nights and live shows.<!--:-->"	"<!--:en-->Banana Bar<!--:--><!--:ko-->바나나 바<!--:-->"	"banana-bar"	"cheonan-%ec%b2%9c%ec%95%88:Cheonan 천안"	"2013/05/Banana-Bar-Logo.jpg"	"http://doindie.wpengine.com/wp-content/uploads/2013/05/Banana-Bar-Map1.jpg"		"Take a taxi or bus to Yawoori, cross the street from the front of the Shinsegae, and go straight. Keep going until you see the park on your right and the Angel-in-us coffee shop on your left. Go up one more block and turn left and Banana will be on your left.

&nbsp;

&nbsp;"		"https://www.facebook.com/groups/150309367911"	"010-3424-6309"				"바나나 바 / Banana Bar"			"바나나 바 / Banana Bar"	9
"<!--:en-->Queenlivehall<!--:--><!--:ko-->퀸라이브홀<!--:-->"	"<!--:en-->Queen live hall has been around since 1999, all the major players in the indie scene play here at some point.<!--:--><!--:ko-->1999년 오픈한 퀸라이브홀은 10년이 넘는 시간동안 탄탄한 매니아층을 확보하고 있는 라이브클럽입니다.

유명 인디밴드들의 활발한 활동무대로 역사와 전통을 자랑하는 클럽입니다.

최고의 사운드와 LED무빙 종명을 포함한 각종 특수효과 장비를 사용하는 퀸라이브홀은 언제나 최상의 공연을 보여주고 있습니다.<!--:-->"	"<!--:en-->Queen Livehall<!--:--><!--:ko-->퀸라이브홀<!--:-->"	"queenlivehall"	"seoul-%ec%84%9c%ec%9a%b8:Seoul 서울"	"2013/05/QUEENLIVEHALLLOGO.jpg"	"http://doindie.wpengine.com/wp-content/uploads/2013/05/QueenLiveHallMap1.jpg"	"http://cafe.daum.net/queenlivehall/"	"지하철 2호선 이대역 1번 출구에서 직진, 농협끼고 우회전 후 직진. 하나은행 맞은편 세븐일레븐 편의점건물 지하 (도보 약 7분)

Come out of exit 1 at Ewha Station (Line 2) go straight until you see Nonghyup bank. Turn right at the bank and walk straight until you see Hana Bank. Queen live hall is right next to the 7Eleven opposite Hana bank.

서울시 서대문구 대현동 104-1번지 B 1,2F

&nbsp;

&nbsp;"		"https://www.facebook.com/pages/Queenlivehall/306841862778128"	"02-313-7777"	"https://twitter.com/Queen_livehall"	"http://cafe.daum.net/queenlivehall/"	"104-1 Daehyeon-dong, Seodaemun-gu, Seoul, South Korea"	"퀸라이브홀 / Queen Live Hall "	37.5577813	126.9425473	"퀸라이브홀 / Queen Live Hall "	17
"<!--:en-->nestNADA<!--:--><!--:ko-->네스트나다 <!--:-->"	"<!--:ko--><div>서울형 예비사회적 기업인 (주)HB기획이 운영하는 복합예술문화공간.
장애인과 비장애인이 함께 즐기는 多元예술축제 그리고 그들의 문화예술활동을 지원하는 공간</div>
<div>
<div>Mission</div>
1. 예술을 통한 장애에의 인식변화
2. 장애인 뮤지션과 아티스트가 실력으로 대중에게 인정받는 전문 공연/예술인으로 성장하는 교두보를 마련
3. 지속적이고 안정적인 장애인/비장애인의 문화에술지원사업</div>
<div>
<div>Description</div>
예비사회적기업인 (주)HB기획이 장애인/비장애인 뮤지션과 아티스트에게 지속적이고 실질적인 지원을 하기 위해 마련 운영하는 복합문화예술공간입니다.

새들이 알을 깨고 나와 성장하는 둥지nest처럼, nest NADA에서 장애인/비장애인 뮤지션과 아티스트가 더 큰 무대로 도약할 수 있는 실력과 인지도를 키울 수 있는 발판이 되도록 노력하겠습니다.

nest NADA수익의 60%는 취약계층 문화예술지원에 쓰여집니다.</div><!--:-->"		"nestnada"	"seoul-%ec%84%9c%ec%9a%b8:Seoul 서울"	"2013/08/nada.jpg"			"서울시 마포구 서교동 336-5 2F

지하철을 이용하실 경우 홍대입구역 8번출구로 나오시면 됩니다.

네스트 나다 
바로 건너편에는 CU편의점(구 패밀리마트)과 커피랩이 있답니다. 
클럽빵도 바로 눈에 보이는 거리에 있습니다.
참고하세요.

Get off at Hongdae Staion (Line 2), and leave via exit 8. It is opposite Coffee Lab & CU convenience store near club Bbang. A bit further up the road to Strangefruit. 

Address:
336-5 Seogyo-dong, Mapo-gu, Seoul"	"nestnada@gmail.com"	"https://www.facebook.com/pages/Festival-NADA-nest-NADA/233328986754382"	"02-555-3199"	"https://twitter.com/nestNADA"	"http://nestnada.blog.me/"	"서울시 마포구 서교동 336-5 2F
336-5 Seogyo-dong, Mapo-gu, Seoul
"	"네스트나다 (nestNADA)"	37.5547294303	126.9289734906	"네스트나다 (nestNADA)"	19
"<!--:en-->Yogiga<!--:--><!--:ko-->요기가<!--:-->"	"<!--:en-->Yogiga is a venue for creative expression in Hongdae, Seoul.<!--:--><!--:ko-->요기가에 오면 새롭고 실험적인 경험을 받을 수 있어요.<!--:-->"	"<!--:en-->Yogiga<!--:--><!--:ko-->요기가<!--:-->"	"yogiga"	"seoul-%ec%84%9c%ec%9a%b8:Seoul 서울"	"2013/05/Yogiga-Logo.jpg"	"http://doindie.wpengine.com/wp-content/uploads/2013/05/Yogiga-Map21.jpg"		"합정역에서
- 합정역 5번출구 - 자전거나라(자이언트바이시클)옆 우측길로
- 200미터 직진(카페주루룩거리)
- 오른쪽 방향 카페 '그앞' 건물 지하  * CU마트(합정태양점) 지나면 안됨

From Hapjeong station (Line 2 / 6) go out of exit 5 and take the first right (at the bike shop). Walk straight down the road for about 200m. Yogiga will be on the right hand side in the basement (if you reach a CU mart, you have gone a little too far)"	"yogiga@paran.com"	"https://www.facebook.com/groups/182443058454086"	"010-3895-7976"	"https://twitter.com/yogigagallery"	"http://www.yogiga.com/tt/notice/123"	"서울특별시 마포구 합정동 412-1번지 세원2빌딩"	"요기가 / Yogiga"	37.5484422	126.9176976	"요기가 / Yogiga"	20
"<!--:en-->Veloso<!--:--><!--:ko-->벨로주<!--:-->"	"<!--:en-->Veloso is a basement live hall that can hold about 120 people sitting or 200 people standing. They aim to showcase 'all kinds of music'.<!--:--><!--:ko-->지하이지만, 층고가 아주 높고 폐쇄적이지 않아 답답한 느낌은 전혀 없는 곳입니다.
공연시에는 좌석으로 120석, 스탠딩으로는 200명 정도 들어가는 꽤 큰 공간이죠.
무엇보다도 'All Kinds Of Music' 이라는 벨로주 컨셉에 어울리는 공간입니다.

영업시간은 좀 특이합니다. 매주 목-일. pm 7:00 - am 2:00 입니다.
매주 토/일 pm 5:00 - 7:00 에는 벨로주 '시즌 2' 콘서트가 꾸준히 열립니다.<!--:-->"	"<!--:en-->Veloso<!--:--><!--:ko-->벨로주<!--:-->"	"veloso"	"seoul-%ec%84%9c%ec%9a%b8:Seoul 서울"	"2013/05/VelosoLogo.jpg"	"http://doindie.wpengine.com/wp-content/uploads/2013/05/VelosoMap.jpg"	"http://cafe.naver.com/veloso"	"홍대 정문 앞에서 횡단보도를 건넌 후 홍대 놀이터(홍익공원)길로 올라옴 -> 놀이터가 끝나는 지점 작은 사거리에서 viamonoh(가방가게)와 Lens Factory(안경점) 사이 골목으로 우회전 -> 30미터 직진하면 왼쪽 건물 (1층에 cord 라는 미장원 있음) 지하.

Head to the small park near the entrance to Hongdae University (The park that has live music in the evenings on weekends as well as an arts and craft market on Saturdays). Walk along the small road with smoothy king and club spot on it. Take the first right at the end of the park (its a small side road). Walk down that road about 30m or so. Veloso is in the basement of the building called 'Cord'"	"veloso@naver.com"		"02-323-7798"	"https://twitter.com/cafe_veloso"	"http://www.veloso.co.kr/"	"서울 마포구 서교동 358-121"	"벨로주 / Veloso"	37.5528764168	126.9228819008	"벨로주 / Veloso"	18
"<!--:en-->Soundholicity<!--:--><!--:ko-->사운드홀릭 시티<!--:-->"	"<!--:en-->Soundholic has been around since 2003. It is one of the larger venues in Hongdae.<!--:--><!--:ko-->2003도 설립된 스탠딩 600석 홍대 최대 규모 라이브 공연장 사운드홀릭시티 입니다.<!--:-->"	"<!--:en-->Soundholicity<!--:--><!--:ko-->사운드홀릭 시티<!--:-->"	"soundholicity"	"seoul-%ec%84%9c%ec%9a%b8:Seoul 서울"	"2013/05/SOUNDHOLICLOGO.jpg"	"http://doindie.wpengine.com/wp-content/uploads/2013/05/SOUNDHOLICMAP1.jpg"	"http://cafe.daum.net/SoundHolic"	"홍익대학교 정문 맞은편 네스카페와 스타벅스 골목으로 들어오시면 바로 왼편에 있습니다. (한솥 도시락 지하 1층)

Just across from the main gates of Hongdae university, take the small road between Nescafe and Starbucks. As you go up the hill you will see a lunch box selling shop called 'Hansot'. Soundholic city is in the basemet under Hansot.

&nbsp;"	"soundholicity@daum.net"	"https://www.facebook.com/club.soundholicity"	"010-2579-9823"	"https://twitter.com/soundholicity"	"http://cafe.daum.net/SoundHolic/"	"서울 마포구 서교동 344-6 칼리오페 지하 1층"	"사운드홀릭 시티 / Soundholicity"	37.5532880438	126.9246112252	"사운드홀릭 시티 / Soundholicity"	19
"<!--:en-->Sapiens 7<!--:--><!--:ko-->사피엔스 7 <!--:-->"	"<!--:en--><span><span style=""font-family: '맑은 고딕';"">Live House Sapiens 7 has a good sound system and lighting setup. The club hosts bands from all genres, but mainly features rock / metal bands. When there are no shows they serve beer, liquor, cocktails etc. while playing good music. The bar also has occasional parties and DJ sets.</span></span><!--:--><!--:ko-->Live House Sapiens 7  은 일본 클럽의 장점들 만을 모아서  설계 된 공연장 으로써  좋은 음향 시스템과 조명시설 등을 자랑하며,락 공연/힙합공연/등 모든 장르에 공연을 할수 있는 멀티 공연장 입니다. 공연이 없는 평일이나 밤 10시 이후에는 맥주/칵테일/양주 등을 마시며 음악감상 또는 자유롭게춤을 추며 즐길수 있는 Free 한스타일의 BAR 로 운영하고 있습니다.

DJ파티나 다양한 파티또한 정기적으로 기획하여 공연과 파티 등 다양한 공간으로 홍대에 재미있는 명소로 자리매김 하고 있습니다.  특히 주신프로덕션 주관으로 아시안 메탈페스티발, 트렌드킬과 같은 기획공연은 정기적인 행사로 이미 알려져 있으며, 또 직장인 밴드들을 위한 락 페스티발은 숨은 고수들을 찾아 발굴하고 저변 확대를 위한 사피엔스의 노력의 일환 으로 시작 되었습니다.

사피엔스7은 밴드들을 위한 놀이공간으로 언제나 오픈되어 있습니다. 자유롭게 찾아오시고 다양한 정보와 음악을 공유하시기<em id=""__mceDel"" style=""font-size: 13px; line-height: 19px;"">바랍니다.</em><!--:-->"	"<!--:en-->Sapiens 7<!--:--><!--:ko-->사피엔스 7 <!--:-->"	"sapiens-7"	"seoul-%ec%84%9c%ec%9a%b8:Seoul 서울"		"http://doindie.wpengine.com/wp-content/uploads/2013/05/Sapiens-7-Map1.jpg"	"http://club.cyworld.com/s7club"			"https://www.facebook.com/groups/142638112470337/"	"010-4596-674"		"http://cafe.daum.net/sapiens7/"	"서울 마포구 서교동  369-44 B1"	"사피엔스 7 / Sapiens 7"	37.552802	126.9215039	"사피엔스 7 / Sapiens 7"	17
"<!--:en-->Salon Badabie<!--:--><!--:ko-->살롱 바다비<!--:-->"	"<!--:en-->The rain in the Sea - Salon Badabie, one of the original live venues in Korea is at the heart of everything music in Seoul. Every indie act worth its salt has played here at one time or another. Badabie is a small intimate venue in a basement with regular concerts showcasing everyone from old time legends to up and coming stars. Badabie has helped launch the careers of the majority of bands in Korea's alternative music scene and is loved by everyone.<!--:--><!--:ko-->'바다 속에 내리는 비' - Salon 바다비는 시인 우중독보행이 써커스 장을 꿈꾸며 터를 잡은 공간입니다. 무대와 관객과의 거리가 가까운 Salon 바다비는 공연 후 공연자와 관객이 함께 어우러져 뒷풀이를 하는 등 개인적이고 친밀한 공기를 품고 있는 한편 음악과 시, 연극, 미술 등 다양한 문화가 공존하는 공간입니다.<!--:-->"	"<!--:en-->Salon Badabie<!--:--><!--:ko-->살롱 바다비<!--:-->"	"salon-badabie"	"seoul-%ec%84%9c%ec%9a%b8:Seoul 서울"	"2013/05/BADABIE-LOGO.jpg"	"http://doindie.wpengine.com/wp-content/uploads/2013/05/BADABIE-MAP1.jpg"	"http://cafe.daum.net/badabie/"	"홍대입구역 공항철도 4번출구로 나오셔서 앞에 K2대리점쪽으로 오시면 우회전하자마자 카페베네있구요 그길로 쭉직진하시면(300m쯤직진 신촌방향) 완만한 오르막길있습니다  오르막길에 다오르셨다 싶으면 오른쪽에 할리스커피있구요  우회전하시면 홍대앞으로 들어서는 첫길이 시작됩니다

<span style=""font-size: 13px; line-height: 19px;"">80m쯤오시면</span>기타모양의조그만간판<span style=""font-size: 13px; line-height: 19px;"">이있습니다. </span>GS편의점<span style=""font-size: 13px; line-height: 19px;"">  전전건물지하입니다^^</span>

신촌역8번출구로 나오셔서 그길로 쭉직진하시면(300m쯤직진 동교동방향) 완만한 오르막길있구요  오르막길에 다오르셨다 싶으면 작은 횡단보도 건너편에 할리스커피있습니다  건너서 좌회전하시면

홍대앞으로 들어서는 첫길이 시작됩니다

80m쯤 오시면 기타모양의 조그만 간판이 있습니다. GS편의점  전전건물지하입니다^^

빠릉 골목길 .^^.

홍대입구역 공항철도 6번출구로 나오셔서 그길로 쭉직진하시면(100m쯤) 와우교 아래 굴다리 보입니다

통과하지 마시고요 좌측 작은계단 오르시면 GS편의점 있습니다  20m쯤오시면 왼쪽 기타모양의조그만간판이있습니다.

Come out of exit 4 at Hongdae Station (Line 2) and follow the road up the hill. At the junction, follow the road round to the right and keep going until you see a big crosswalk at the top on the hill, at the crosswalk there is a side road that runs up a small incline to your right. Go up that road and walk straight, Badabie will be in the basement, on your right hand side (after about 80m). If you reach a small GS25, you have gone about 20m too far.

Come out of exit 8 at Sinchon station (Line 2) and walk straight for about 300m. When you get to a big crosswalk you will see a side road to your left that goes up a small hill. Go up that road and walk straight, Badabie will be in the basement, on your right hand side (after about 80m). If you reach a small GS25, you have gone about 20m too far."	"squalltul@daum.net"	"https://www.facebook.com/salonbadabie"		"https://twitter.com/Salon_BADABIE"	"http://cafe.daum.net/badabie/"	"서울시 마포구 동교동 182-5"	"Salon Badabie / 살롱 바다비"	37.5560632442	126.93096719	"Salon Badabie / 살롱 바다비"	20
"<!--:en-->Radio Star<!--:--><!--:ko-->라디오스타<!--:-->"	"<!--:en-->Radio Star is the premier live venue in Jeonju.  Formed in 2008 it holds many free shows and features a wide range of both Korean and Expat bands from all over Korea. If its music related, and Jeonju based you can bet Radio Star has a part to play.<!--:--><!--:ko-->라디오스타는 각종공연,이벤트,파티등이 이루어지는 복합공연공간입니다.
기획공연 및 인디밴드공연,직장인밴드공연,외국인밴드공연, 스쿨랩,스쿨밴드등의공연이 개최되며,
다수의 매니아가 공존하는 Individual music club 이랍니다.

기획의도에따라 Free Concert 또는 Charge Concert 로 이루어지며,
기획주체에따라 대관공연도 이루어질수 있습니다.

2008년3월을 시작으로 줄기차게 달려가고 있고, 좀더나은 특별한 음악공간으로 자리하기위해 노력하고 있답니다.

즐거움과 떼놓을수없는 Alcohol 과 음악과 분위기와 함께 오늘도 GO GO!!<!--:-->"	"<!--:en-->Radio Star<!--:--><!--:ko-->라디오스타<!--:-->"	"radio-star"	"jeonju-%ec%a0%84%ec%a3%bc:Jeonju 전주"	"2013/05/Radio-Star-Logo.jpg"	"http://doindie.wpengine.com/wp-content/uploads/2013/05/Radio-Star-Map.jpg"	"http://cafe.daum.net/RADIOSTAR"		"6550600@hanmail.net"	"https://www.facebook.com/RADIOSTAR.KOREA"	"010-9444-9609"	"https://twitter.com/Radiostar_Korea"		"완산구 중화산동 2가 778-1 B1, Jeonju 560-839"	"라디오스타 / Radio Star"	35.8177059	127.117996	"라디오스타 / Radio Star"	17
"<!--:en-->Prism Hall<!--:--><!--:ko-->프리즘홀<!--:-->"	"<!--:en-->A new live hall in Hongdae. A venue for true live music. Contact us for more information.

홍대속의 새로운 LiveHall~! 진정한 음악인을 위한 Live Hall 입니다! 공연관련문의는 아래 번호로 연락주세요! 주소 : 마포구 서교동 395-152 지하(합정역 3번출구 80M) TEL : 070-8150-2979<!--:--><!--:ko-->홍대속의 새로운 LiveHall~! 진정한 음악인을 위한 Live Hall 입니다! 공연관련문의는 아래 번호로 연락주세요! 주소 : 마포구 서교동 395-152 지하(합정역 3번출구 80M) TEL : 070-8150-2979<!--:-->"	"<!--:en-->Prism Hall<!--:--><!--:ko-->프리즘홀<!--:-->"	"prism-hall"	"seoul-%ec%84%9c%ec%9a%b8:Seoul 서울"	"2013/05/PrismHall.jpg"	"http://doindie.wpengine.com/wp-content/uploads/2013/05/PRISIMHALLMAP1.jpg"	"http://cafe.daum.net/PrismHall"	"합정역 3번 출구에서 홍대입구역 방면 80미터정도 오시다 우측에 노스페이스 매장 옆 건물입니다.

Come out of exit 3 at Habjeong station and walk in the direction of Hongdae Station. Prism hall will be on the right after about 80m in the building next to North Face."	"prismhall2012@gmail.com"	"https://www.facebook.com/prismhall"	"070-8150-2979"	"https://twitter.com/prismhall"	"http://prismhall.com"	"마포구 서교동 395-152 지하"	"프리즘홀 / Prism Hall"	37.5516354	126.9174929	"프리즘홀 / Prism Hall"	18
"<!--:en-->Powwow<!--:--><!--:ko-->파우와우<!--:-->"	"<!--:en-->POWWOW!
A unique, community-oriented space tailored to the vibrant Korean art and music scene. This venue has been created as a central locus for people who eat, sleep, and breathe creativity. POWWOW is a place for seeing, hearing, and meeting. Everyone is welcome, every idea is tolerated, and every ounce of creativity we have will be used to create experiences and moments we will all remember forever.

Location: B1, 559 Itaewon-dong, Yongsan-gu, Seoul, Korea

Please feel free to contact us at seoulpowwow@gmail.com<!--:--><!--:ko-->POWWOW! 파우와우는 예술과 음악을 향해 뜨겁게 고동치는 심장을 가진 여러분을 위한 공간입니다. 이 공간은 창의성을 꿈꾸고, 먹고, 마시며, 숨쉬는 사람들을 위한 중심지로서 만들어졌습니다. 파우와우는 보는 것, 듣는 것 그리고 만남을 뜻합니다. 당신이 누구이든 무엇을 하든 모두에게 열려 있습니다. 그리고 당신의 모든 아이디어들이 받아들여지는 공간입니다. 우리의 조그마한 상상력은 훗날 영원히 기억될 것입니다.

장소 서울특별시 용산구 이태원동 559, 지하1층

궁금한 사항이 있을 시에 주저말고 연락주세요! seoulpowwow@gmail.com
010-5187-1562<!--:-->"	"<!--:en-->Powwow<!--:--><!--:ko-->파우와우<!--:-->"	"powwow"	"seoul-%ec%84%9c%ec%9a%b8:Seoul 서울"	"2013/05/POWWOW.jpg"	"http://doindie.wpengine.com/wp-content/uploads/2013/05/Powwow-Map.jpg"		"● 지하철:
지하철 이용시 6호선 녹사평역 2번출구로 나오셔서 직진 후 지하보도를 통해 길을 건넌 후 다시 언덕으로 직진하면, 썬더 버거 옆 지하 1층에 있습니다.

● 버스:

421, 740번, 110A 버스를 타시고 녹사평에 하차하시면 됩니다.
143, 401번 버스들은 Powwow 앞에서 하차합니다

● Subway:
Exit 2 Noksapyeong Station exit 2 (Line 6) and walk straight down the hill until you reach an underpass. Cross via the underpass and exit on the other side. Walk straight til you reach Powwow (next to Thunder Burger).

● Bus:
If you take buses 421, 740 or 110A - get off at Noksapyeong and walk 5 minutes to the venue.

If you take the 143 or 401 you can get off right in front of the venue!"	"seoulpowwow@gmail.com"	"https://www.facebook.com/PowwowSeoul"	"010-5187-1562"	"https://twitter.com/POWWOWSEOUL"	"http://www.seoulpowwow@gmail.com"	"장소 서울특별시 용산구 이태원동 559, 지하1층 "	"Powwow / 파우와우"	37.537178085	126.987012289	"Powwow / 파우와우"	18
"<!--:en-->Mudaeruk<!--:--><!--:ko-->무대륙<!--:-->"	"<!--:en-->A culture space situated in Hongdae / Hapjeong. Mudaeruk is an old cheese factory that has been converted into a live space, coffee shop, bar and restaurant all in one place. The live hall is in the basement and provides and intiment setting to watch your favorite bands.<!--:--><!--:ko-->무대륙은 음악을 기반으로 공연장, 레스토랑&펍, 아티스트의 아틀리에로 구성한 복합 문화 공간이다.

오래전에는 치즈 공장이었고, 얼마 전까지는 사케 창고로 사용되었다.

무대륙은 '음악'이 주는 힘과 교감에 대한 믿음을 바탕으로 지난 가을에 문을 연 이래 하이엔드와 인디까지 폭 넓고 엄선된 공연을 선보여왔다.

지하 공연장은 작은 규모이지만 1층 레스토랑&펍은 널찍하고 인테이어적으로도 다양한 시도를 했다.

3층은 작업실이 필요한 디자이너, 아티스트를 위해 렌털하는 아틀리에로 사용한다.<!--:-->"	"<!--:en-->Mudaeruk<!--:--><!--:ko-->무대륙<!--:-->"	"mudaeruk"	"seoul-%ec%84%9c%ec%9a%b8:Seoul 서울"	"2013/05/MudaerukLogo.jpg"	"http://doindie.wpengine.com/wp-content/uploads/2013/05/mudaerukmap1.jpg"		"6호선 합정역 7번 출구에서 나와서 뒤로 도세요. 한국 할인 마트가 나올 때까지 죽 가다가 바로 앞의 첫번째 큰 삼거리에서 우회전하세요. 그 후 2번째 골목길에서 좌회전 하세요. 1동짜리 아파트가 끝나는 곳에서 우회전하시면 왼쪽에 무대륙이 보일겁니다.

<span style=""font-size: 13px; line-height: 19px;"">Come out of exit 7 at Hapjeong station (Line 6) and immediately double back on yourself. Walk straight until you get to the first big intersection (There will be a small supermarket on your right) Turn right. Walk straight down the road and take the second left, then the first right. Walk straight. </span>

Medaeruk is hidden away among a bunch of apartments. Please refer to the map provided.

&nbsp;

&nbsp;"	"mudaeruk@naver.com"	"https://www.facebook.com/Mudaeruk"	"02-332-8333"	"http://twitter.com/mudaeruk"	"http://www.mudaeruk.com/"	"서울 마포구 합정동 357-7"	"무대륙 / Mudaeruk"	37.5459517327	126.9184107175	"무대륙 / Mudaeruk"	18
"<!--:en-->Moon Night<!--:--><!--:ko-->문 나이트<!--:-->"	"<!--:en-->MOONNIGHT = Lounge + Bar + Main stage
live bands, theater show, stage event, and more
booking the space or rent for private party : moonnight.seoul@gmail.com<!--:-->"	"<!--:en-->문 나이트 / Moon Night<!--:--><!--:ko-->Moon Night<!--:-->"	"moon-night"	"seoul-%ec%84%9c%ec%9a%b8:Seoul 서울"	"2013/05/MoonNightLogo.png"	"http://doindie.wpengine.com/wp-content/uploads/2013/05/MoonNIghtMap1.jpg"		"지하철 6호선 이태원역 하자, 3번 출구에서 나와 뒤로 돌아서 커피빈, 타고벨을 지나 패밀리마트 옆골목으로 좌회전후, 첫번째 골목에서 우회전 전방 10미터 왼쪽에 문나이트 간판을 보고 들어오시면 됩니다. 전철역 출구에서 도보로 약 3분 이내 거리 위치입니다.

Go to Itaewon Station Exit 3. Do a U-turn to your right and walk around the corner, past Taco Bell, and then take a left. Take the first right, and Moon Night will be on your left. Total travel time is three minutes from the station."	"moonnight.seoul@gmail.com"	"https://www.facebook.com/pages/MOON-NIGHT/152158638211987"	"02-792-2232"		"http://www.moonnight.co/"	"Itaewon 132-3 Seoul, Korea 140-858"	"문 나이트 / Moon Night"	37.5336317	126.9951672	"문 나이트 / Moon Night"	18
"<!--:en-->LIG Art Hall (Hapjeong)<!--:--><!--:ko-->LIG 아트홀 (합정)<!--:-->"	"<!--:en-->LIG Art Hall ws established in 2006 by LG Insurance Co., Ltd. , as apart of its commitments to support young and promising artists since 1998. In 2006, LG Insurance Co., Ltd. Officially changed its corporate identity to LIG I Insurance Co., Ltd. And moved its headquarters to a new building in Gangnam, thus opening a new era for LIG Art Hall to be the venue devoted to full-scale corporate Mecenat endeavor.

Officially opened in August, 2006, the LIG Art Hall is located in the LIG Tower, at the LIG Insurance headquarters in Gangnam District, Seoul. The LIG Art Hall is equipped with a black box stage, 170 seats and a multipurpose rehearsal room.

Equipped with unrivalled facilities and production systems, LIG Art Hall, which has been established as an outstanding venue by backing art activities, will keep introducing creative programs delivering various cultural forms and values through contemporary performing arts as well as serving as a cultural and inter-regional linkage. Refurbished as of April 1, 2009, LIG Art Hall run by LIG Arts Foundation will refine its managing direction and increase its social value further.<!--:--><!--:ko-->LIG 아트홀은, 1998년부터 젊은 예술인들을 지속적으로 지원해왔던 LG화재가 2006년 LIG 손해보험으로 CI를 공식 변경하고 강남 신사옥으로 이전하면서 본격적인 기업 메세나 활동을 펼치기 위해 설립한 공연장입니다.

우리 사회의 문화예술 발전에 실질적으로 기여하고자 하는 LIG 손해보험의 기업 메세나 정신에 바탕을 둔 전폭적인 지원 속에서 운영되는 LIG 아트홀의 다각적인 공연예술 진흥 프로그램이, 향후 기업-예술-사회를 잇는 바람직한 문화경영의 한 모델로 자리매김하길 꿈꾸는 작은 극장입니다.<!--:-->"		"lig-art-hall-hapjeong"	"seoul-%ec%84%9c%ec%9a%b8:Seoul 서울"	"2013/05/LIG-Art-Hall-Logo.jpg"	"http://doindie.wpengine.com/wp-content/uploads/2013/05/LIG-Art-Hall-Habjeong-Map-Eng1.gif"	"http://blog.daum.net/lig_art_hall/"	"<strong>지하철 노선 안내</strong>
2호선, 6호선 합정역 하차 8번 출구 100m전방

<strong>버스이용시</strong>
간선 : 271, 602, 603, 604, 760
지선 : 5712, 5714, 6712, 6716, 7011, 7013A, 7013B, 7612
광역 : 1000, 1100, 1101, 1200, 1300, 1301, 1400, 1500, 1601, 1900, M6117, M6118
직행 : 200, 2200, 2300, 3000, 3100
좌석 : 921
공항 : 6002
마을 : 마포 16

--------------------------------------

<em>By Subway</em>
Line #2&amp;6 Exit the Subway via Exit #8 at Hapjeong Station and walk to the LIG Arts Foundation(3 minutes)

<em>By Bus</em>
Blue Bus : #271, 602, 603, 604, 760
Green Bus : #5712, 5714, 6712, 6716, 7011, 7013A, 7013B, 7612
Red Bus : #1000, 1100, 1101, 1200, 1300, 1301, 1400, 1500, 1601, 1900, 2200, 2300, 3000, 3100, M6117, M6118
G-Bus : #200, 921
Airport Limousine Bus : 6002
Local Green Bus : Mapo 16

&nbsp;

&nbsp;"	"ligarthall@ligarts.org"	"https://www.facebook.com/LIGARTHALL"	"http://blog.daum.net/lig_art_hall/"	"https://twitter.com/ligarthall"	"http://www.ligarthall.com/main/intro2.html"	"서울시 마포구 양화로 19 LIG합정빌딩"	"LIG 아트홀 (합정) / LIG Art Hall (Hapjeong)"	37.5489190422	126.9114617308	"LIG 아트홀 (합정) / LIG Art Hall (Hapjeong)"	18
"<!--:en-->LIG Art Hall (Gangnam)<!--:--><!--:ko-->LIG 아트홀 (강남)<!--:-->"	"<!--:en-->LIG Art Hall ws established in 2006 by LG Insurance Co., Ltd. , as apart of its commitments to support young and promising artists since 1998. In 2006, LG Insurance Co., Ltd. Officially changed its corporate identity to LIG I Insurance Co., Ltd. And moved its headquarters to a new building in Gangnam, thus opening a new era for LIG Art Hall to be the venue devoted to full-scale corporate Mecenat endeavor.

Officially opened in August, 2006, the LIG Art Hall is located in the LIG Tower, at the LIG Insurance headquarters in Gangnam District, Seoul. The LIG Art Hall is equipped with a black box stage, 170 seats and a multipurpose rehearsal room.

Equipped with unrivalled facilities and production systems, LIG Art Hall, which has been established as an outstanding venue by backing art activities, will keep introducing creative programs delivering various cultural forms and values through contemporary performing arts as well as serving as a cultural and inter-regional linkage. Refurbished as of April 1, 2009, LIG Art Hall run by LIG Arts Foundation will refine its managing direction and increase its social value further.<!--:--><!--:ko-->LIG 아트홀은, 1998년부터 젊은 예술인들을 지속적으로 지원해왔던 LG화재가 2006년 LIG 손해보험으로 CI를 공식 변경하고 강남 신사옥으로 이전하면서 본격적인 기업 메세나 활동을 펼치기 위해 설립한 공연장입니다.

우리 사회의 문화예술 발전에 실질적으로 기여하고자 하는 LIG 손해보험의 기업 메세나 정신에 바탕을 둔 전폭적인 지원 속에서 운영되는 LIG 아트홀의 다각적인 공연예술 진흥 프로그램이, 향후 기업-예술-사회를 잇는 바람직한 문화경영의 한 모델로 자리매김하길 꿈꾸는 작은 극장입니다.<!--:-->"	"<!--:en-->LIG Art Hall (Gangnam)<!--:--><!--:ko-->LIG 아트홀 (강남)<!--:-->"	"lig-art-hall-gangnam"	"seoul-%ec%84%9c%ec%9a%b8:Seoul 서울"	"2013/05/LIG-Art-Hall-Logo.jpg"	"http://doindie.wpengine.com/wp-content/uploads/2013/05/LIG-Art-Hall-Gangnam-Map-Eng1.gif"	"http://blog.daum.net/lig_art_hall/"	"<strong>승용차 이용</strong>
강남역 사거리에서 역삼역 방향으로 100미터 직진(역삼세무소 건너편)

<strong>지하철 이용</strong>
2호선 : 강남역 12번 출구(도보 3분)
2호선 : 역삼역 4번 출구(도보 10분)

<strong>버스 이용</strong>
간선 : 136, 140, 144, 145, 146, 340, 341, 360, 402, 420, 470, 471, 730
지선 : 4312, 4417, 4422, 4424, 4434, 5412
광역 : 9100, 9200, 9300, 9400, 9404, 9408, 9409, 9410, 9411, 9412, 9503

<strong>주차장 이용</strong>
LIG타워 내 지하 주차장 이용(공연 관람시 3시간 무료)

-----------------------------------------------------------------------------------

<em>By Car</em>
The LIG Art Hall is located across from the Yeoksam Tax Office. From the Gangnam Intersection, drive about 100 meters in the DIRECTIONS of Yeoksam Subway Station.

<em>By Subway</em>
Line #2. Exit the Subway via Exit #12 at Gangnam Station and walk to the LIG Art Hall (3 minutes). OR
Line #2 Exit the Subway via Exit # 8 at Yeoksam Station and walk to the LIG Art Hall (10 minutes)

<em>By Bus</em>
Blue Bus # 136, 140, 144, 145, 146, 340, 341, 360, 402, 420, 470, 471, 730
Green Bus # 4312, 4417, 4422, 4424, 4434, 5412
Red Bus # 9100, 9200, 9300, 9400, 9404, 9408, 9409, 9410, 9411, 9412, 9503

<em>Parking guidance</em>
Use the LIG Tower underground parking facility (3 hours free parking with performance ticket stub)

&nbsp;

&nbsp;"	"ligarthall@ligarts.org"	"https://www.facebook.com/LIGARTHALL"	"02-02-331-0094"	"https://twitter.com/ligarthall"	"http://www.ligarthall.com/main/main.asp?part=s"	"서울특별시 강남구 역삼동 649-11 LIG 아트홀"	"LIG 아트홀 (강남) / LIG Art Hall (Gangnam)"	37.4990929954	127.0304190815	"LIG 아트홀 (강남) / LIG Art Hall (Gangnam)"	17
"<!--:en-->Kuchu Camp <!--:--><!--:ko-->공중캠프<!--:-->"	"<!--:en-->Kuchu Camp was set up by a community of people  who aimed to create a venue to where people could hang out, listen to music and drink together. On occasions they show movies and have regular live shows (both acoustic and full band shows).<!--:--><!--:ko-->안녕하세요.

아직 '공중캠프 커뮤니티'가 낯선 분들을 위해 간략하게 소개하는 페이지를 마련했습니다.

한국의 휘시만즈 커뮤니티, '공중캠프' 는 2000년 1월 12일, PC통신 동호회에서 시작되었습니다. 휘시만즈(Fishmans)는 1990년대 일본 동경을 중심으로 활동했던 밴드인데요, 1987년 결성, 1991년 5월 데뷔 앨범을 발표하고 1999년 3월 15일 보컬 사또의 갑작스런 죽음에 이르기까지 많은 아티스트와 리스너에게 영향을 끼쳤던 밴드입니다. '공중캠프'는 1996년 발매된 휘시만즈의 여섯번째 정규앨범의 타이틀이구요(일본어로는 '쿠츄캼프'라고 읽고, 영문으로는 'kuchu-camp'라고 쓰고 있습니다).

지금도 그렇지만 2000년 봄, 당시에도 한국에서 좋은 음악을 만들고 듣고 싶어하는 친구들이 있었습니다. 그리고 우연의 우연이 겹쳐 그런 좋은 음악을 찾아 헤메던 친구들이 ‘공중캠프'로 하나 둘 모이게 되었습니다. 물론 그것은 전적으로 휘시만즈의 빼어난 음악 덕분이었죠. 좋은 음악을 찾다 보면 언젠가 만날 수 밖에 없는 밴드잖아요, 휘시만즈는.

다행스럽게도 공중캠프 친구들은 음악 뿐 아니라 영화, 미술, 문학, 세계와 역사 등 다양한 영역에 대해서도 관심이 많아 서로 이야기를 나누는 게 즐거웠습니다. 술도 자주 먹고, 소풍도 자주 가고, 서로 의지하고 보듬어 주면서 서로에게 일상적이고 특별한 존재가 되어갔습니다. 처음엔 휘시만즈를 계기로, 휘시만즈를 추억하고 공유하기 위해 모였지만, 시간이 지날수록 휘시만즈 뿐만 아니라 휘시만즈를 좋아하는 친구들이 좋아지게 되었고 생활 속에서 휘시만즈'적'인 것들을 발견할 수 있었습니다. 지금 돌이켜 보면, 그런 식의 증대/확장이 개인들에게도, '공중캠프' 모임 자체에도 더 많은 가능성과 상상력을 주었던 것 같습니다.

카페 공중캠프는 그런 가능성과 상상력에 의해 만들어진 하나의 결과물이라고 생각합니다. 온라인 뿐만 아니라 오프라인에서 '우리가 하고 싶은 것을 우리 스스로 해보자'라고 의기투합하게 되었고, '꿈을 모두 함께 나누어 꾸면 반드시 현실이 된다'는 말처럼 조금씩 힘을 모아 2003년 11월 8일, 서울 홍대 앞에 오픈하게 되었습니다. (공중캠프가 지하에 있다는 게 좀 이상하지만, '지하에서 일하고 공중을 지향한다'고 생각해 주세요-_-)

2009년 5월 현재, 카페 공중캠프는 수평적인 역할과 지위를 갖는 회원들과 스탭들에 의해 원형의 공동체로 운영되고 있습니다. 평소에는 음악을 들으면서 술을 마시는 카페지만, 가끔씩 영화도 보고, 라이브 공연도 하고, 캠프데이나 휘시만즈 나잇, 스바라시끄떼 나이스쵸이스 같은 자체 이벤트도 기획하고, 국내외의 개인/단체들과 연대하여 공동 행사를 준비하기도 합니다.

아직 부족한 것이 많지만, 지금까지 해왔던 것처럼 서로의 마음과 눈빛을 나눌 수 있다면 앞으로도 좀 더 지속할 수 있으리라 기대합니다. 우리들의 여름 페스티발을 만들고, 근교 텃밭에서 야채를 가꾸고, 우리들의 리듬과 멜로디, 즐거움과 슬픔, 시간과 풍경 등을 함께 만들어 가며, 자유와 평등, 생명과 평화를 중시하는 사회를 만들기 위해 우리가 할 수 있는 작지만 소중한 일이 틀림없이 있을 거라고 생각합니다. 그 길을 여러분과 함께 걸어가고 싶습니다. 반가운 마음으로 인사해 주세요.

 <!--:-->"	"<!--:en-->Kuchu Camp<!--:--><!--:ko-->공중캠프<!--:-->"	"kuchu-camp"	"seoul-%ec%84%9c%ec%9a%b8:Seoul 서울"	"2013/05/kuchucamplogo.jpg"	"http://doindie.wpengine.com/wp-content/uploads/2013/05/kuchucamp_map.jpg"		"<strong>시내버스(bus) </strong>
7011,7737, 273번 산울림 소극장 앞 하차 도보 2분
(#7011, #7737, #273, Get off at San-wool-lim Theater. 2min walk)
<strong>
지하철 2호선(subway line 2)
</strong>홍대입구역 8번 출구, 신촌역 8번 출구에서 도보10분
(Hong-Ik Univ. station exit #8 / Shinchon station exit #8. 10min walk)

&nbsp;

&nbsp;"	"staff@kuchu-camp.net"		"02-338-7197"		"http://www.kuchu-camp.net/"	"서울시 마포구 서교동 325-9 지하 1층"	"Kuchu Camp / 공중캠프"	37.5547176831	126.9311460571	"Kuchu Camp / 공중캠프"	11
"<!--:en-->Indifan<!--:--><!--:ko-->Indifan<!--:-->"			"indifan"	"seoul-%ec%84%9c%ec%9a%b8:Seoul 서울"	"2013/05/indifan.jpg"			"Go out Sangsu station Exit 4 and walk straight

Turn left at around 200m, INDIFAN is in that alley"		"https://www.facebook.com/indifan"	"02-517-3985"	"https://twitter.com/indifancom"	"http://www.indifan.com/"	"서울시 마포구 상수동 322-1 B1층"		37.5475101	126.921106		18
"<!--:en-->EBS Space<!--:--><!--:ko-->EBS 스페이스<!--:-->"	"<!--:en-->The recording space for EBS's live music broadcasts.<!--:--><!--:ko-->그곳에 가면 진짜 음악이 있다! 음악 전문 프로그램 [EBS 스페이스 공감]입니다. 평일 저녁 19:30 공연, 목 밤 12시 5분, 1시 두 편 연속방송(월, 화 낮 1시 5분 재방송).<!--:-->"	"<!--:en-->EBS Space<!--:--><!--:ko-->EBS 스페이스<!--:-->"	"ebs-space"	"seoul-%ec%84%9c%ec%9a%b8:Seoul 서울"	"2013/05/EBS-Space-Logo.jpg"	"http://doindie.wpengine.com/wp-content/uploads/2013/05/EBS-Space-Map1.gif"		"<span style=""font-size: 13px; line-height: 19px;"">3호선 매봉역 3번출구 우측방향</span>

일반버스 : 11-3번, 917번
지선버스 : 3423번, 4319번, 4426번, 4433번
간선버스 : 402번, 406번
공항버스 : 6009번

양재역 – 도곡역 남부순환로를 따라 매봉역을 지나면서 우측 EBS 건물로 진입
도곡역 – 매봉역 매봉터널 사거리를 지나 양재방면으로 150M 직진하다가 U턴후 진입

&nbsp;

Take the subway to Maebong Station (Line 3) and go out of exit 3. EBS Space will be on the right as you exit the subway station.

Or, take any of the following buses and get off at Maebong Station.

General Bus : 11-3번, 917번
Green Bus : 3423번, 4319번, 4426번, 4433번
Blue Bus : 402번, 406번
Airport Bus : 6009번

&nbsp;

&nbsp;"	"hotline@ebs.co.kr"	"https://www.facebook.com/pages/EBS-%EC%8A%A4%ED%8E%98%EC%9D%B4%EC%8A%A4-%EA%B3%B5%EA%B0%90/162161783848334"		"https://twitter.com/ebsspace"	"http://www.ebs.co.kr/space/main"	"서울특별시 강남구 남부순환로 2748번지 한국교육방송공사"	"EBS 스페이스 / EBS Space"	37.48655863	127.046890638	"EBS 스페이스 / EBS Space"	17
"<!--:en-->Dolce<!--:--><!--:ko-->돌체<!--:-->"	"<!--:en-->Dolce is a foreigner friendly basement bar in Cheonan city (near the train station) that has regular live music.
We have draft, domestic and imported beers as well as wines and cocktails.

Free pool. foosball and darts.<!--:--><!--:ko-->친절하고 영어가 가능한 환경을 가진 천안 돌체 라이브 바입니다
돌체는 하우스맥주와 생맥주, 국내및 수입맥주가 있구여 몰트위스키, 와인, 각종 칵테일 있습니다

Pool 테이블 과 테이블축구게임 , 그리고 다트게임을 하실수 있구여

주말에 라이브뮤직공연을 합니다<!--:-->"	"<!--:en-->Dolce<!--:--><!--:ko-->돌체<!--:-->"	"dolce"	"cheonan-%ec%b2%9c%ec%95%88:Cheonan 천안"	"2013/05/Dolce-Logo.jpg"	"http://doindie.wpengine.com/wp-content/uploads/2013/05/dolce-map1.jpg"		"돌체의 위치는 천안동부역 기업은행옆에 있습니다.

Dolce is near Cheonan Station (near IBK bank and Hana bank). Come out of the east exit and walk towards Mount Fishtail Indian Restaurant. A few stores past Mount Fishtail is Dolce bar, it is in the basement.

&nbsp;

&nbsp;"		"https://www.facebook.com/groups/232156760134585"	"011-230-5815"			"충남 천안시 동남구 대흥동 71번지"	"돌체 / Dolce"	36.8086888	127.14909	"돌체 / Dolce"	20
"<!--:en-->DGBD<!--:--><!--:ko-->클럽 DGBD (드럭)<!--:-->"	"<!--:en-->DGBD is the Premier live music venue in Hongdae. We aim to give the concert-goer the best concert experience possible by allowing each band to put on the best show they can. Indie Bands

<b>Regular Attractions</b>
Crying Nut, Galaxy Express, The Rocktigers, Captain Bootbois, Kingston Rudieska, Groupie, Suck Stuff, Gyungwon Snack, BBLT, Sahon, Half Brothers, Number 1 Korean, Cocore, and many more...

DGBD aims to provide local performers with a great venue to showcase their talent. Together we can help live music grow and thrive in Seoul.<!--:-->"	"<!--:en-->DGBD<!--:--><!--:ko-->클럽 DGBD (드럭)<!--:-->"	"dgbd"	"seoul-%ec%84%9c%ec%9a%b8:Seoul 서울"	"2013/05/dgbd.png"	"http://doindie.wpengine.com/wp-content/uploads/2013/05/DGBD-Map1.jpg"	"http://cafe.daum.net/dgbd/"	"합정역에서 3번출구 나오고 똑바로 가요. 3-5분후 호텔보보에서 오른쪽으로가요. Family Mart에서 오른쪽으로가고 DGBD는 오른쪽 (지하)에 있습니다.

Hapjeong Station. Walk out Hapjeong Exit 3 and go straight until you see Hotel BoBo (3-5mins). Turn right at the Hotel. Walk for 2 - 3 minutes until you see Family Mart and then turn right. DGBD will be on your right hand side - in the basement (next to the bar that looks like a castle).

&nbsp;"	"swjoh@hotmail.com"		"010 6802 2378"		"http://cafe.daum.net/dgbd/"	"마포구 서교동 395-17"	"클럽 DGBD (드럭) / DGBD"	37.5507029305	126.920220383	"클럽 DGBD (드럭) / DGBD"	18
"<!--:en-->Nori Bar<!--:--><!--:ko-->놀이하는 사람들<!--:-->"	"<!--:en-->Nori bar: serving Sinchon since 1992. Anybody who enjoys drinking and listening to music, dancing and meeting new people is we

lcome.<!--:--><!--:ko-->20년 역사를 가진 신촌의 명소, 놀이하는 사람들입니다. 자유로운 분위기 속에 술과 좋은 음악, 춤, 그리고 새로운 사람을 만나고 싶은 모든 분을 환영합니다.<!--:-->"	"<!--:en-->Nori Bar<!--:--><!--:ko-->놀이하는 사람들<!--:-->"	"nori-bar"	"seoul-%ec%84%9c%ec%9a%b8:Seoul 서울"	"2013/05/Nori-Bar-Logo.jpg"	"http://doindie.wpengine.com/wp-content/uploads/2013/05/nori-bar-map.png"	"http://cafe.naver.com/norino1"	"Come out of exit 1 Sinchon Station (Line 2) - walk straight towards Hongdae, past Hyundai dept. store. After you pass KFC, take a next street right, into Sinchon area. Keep walking until you see a sign on your left that says THE BAR (second floor). We are in the basement of that building.

&nbsp;

&nbsp;"	"nori1992@yahoo.co.kr"	"https://www.facebook.com/pages/Nori-Bar%EB%86%80%EC%9D%B4%ED%95%98%EB%8A%94-%EC%82%AC%EB%9E%8C%EB%93%A4/374524575950595"	"02-325-7808"			"53-96 Changcheon-dong, seodaemun-gu, Seoul, Korea 120-834"	"놀이하는 사람들 / Nori Bar"	37.5583073114	126.9349059455	"놀이하는 사람들 / Nori Bar"	19
"<!--:en-->Didim Hall<!--:--><!--:ko-->디딤홀<!--:-->"	"<!--:ko-->디딤홀은 홍대에 위치한 음악전문 공연장입니다. 대관은 물론 기획공연까지 최고의 공연장으로 자리매김하기 위해 최선을 다할것입니다.<!--:-->"	"<!--:en-->Didim Hall<!--:--><!--:ko-->디딤홀<!--:-->"	"didim-hall"	"seoul-%ec%84%9c%ec%9a%b8:Seoul 서울"	"2013/05/DiDimHallLogo.jpg"		"http://cafe.daum.net/didimhall"			"https://www.facebook.com/groups/234444383363471/"	"02-3144-3225"	"https://twitter.com/h901107"	"http://www.ddimhall.co.kr/"	"서울 마포구 서교동 360-12 18길 34"	"디딤홀 / Didim Hall"	37.5516813	126.9240031	"디딤홀 / Didim Hall"	16
"<!--:en-->GoGos 2<!--:--><!--:ko-->고고스 2<!--:-->"		"<!--:en-->GoGos 2<!--:--><!--:ko-->고고스 2<!--:-->"	"gogos-2"	"seoul-%ec%84%9c%ec%9a%b8:Seoul 서울"	"2013/05/GOGOs-Logo.jpg"		"http://cafe.naver.com/clubgogos2"	"상수역1번출구로 나와서 뒤로 돌면 홍대 방향으로 가는 대로가 있습니다.  홍대방향으로 계속 직진하다가 세븐일레븐 보이면 클럽 골목으로 들어가세요 (세븐일레븐 앞에서 왼쪽 방향).

Take the subway to Sangsu station on Line 6 (exit #1) - double back on yourself keep going straight towards Hongik University. Take a left onto the street before the 7-Eleven. GOGOS is right next door to 7-Eleven."		"https://www.facebook.com/clubgogos2"	"010-5640-7890"	"https://twitter.com/yoyjin"	"http://www.club.cyworld.com/gogosclub"	"마포구 서교동 407-3 지하  121-210"	"고고스 2 / GoGos 2"	37.5502211754	126.9228350479	"고고스 2 / GoGos 2"	18
"<!--:en-->V Hall<!--:--><!--:ko-->브이 홀<!--:-->"	"<!--:en--><div>NO'1 live concert hall @ hongdae seoul south korea</div>
<div>
<div id=""id_51889a6c05b834217141587"">rock/hiphop/electronic/pop/showcase/musical/brodcast
special live party!! .
enjoy together V-HALL</div>
</div><!--:--><!--:ko--><span style=""font-size: 13px; line-height: 19px;"">2006년 부터 기획하여 드디어 여러분들께 인사 드립니다.</span>
브이 홀은 아트 컨텐츠의 메카 홍대 지역에 위치한 스텐딩 700석 규모의종합 엔터테인먼트 공간으로서 각종 공연은 물론 패션,뮤지컬,방송 제작등을 아우르는 명실 공히 대한 민국 최고의 문화 아이콘임을 자부 합니다. 이에 전희 임직원들은 각 분야의 전문가들과 함께 여러분들을 위한 공간을 만들 고저 노력 할 것 입니다. 장인의 숨결과 매니아의 열정을 간직한 '브이 홀'을 소개 합니다.<!--:-->"	"<!--:en-->V Hall<!--:--><!--:ko-->브이 홀<!--:-->"	"v-hall"	"seoul-%ec%84%9c%ec%9a%b8:Seoul 서울"	"2013/05/VHALLLOGO.jpg"		"http://www.club.cyworld.com/v-hall"	"2호선 홍대역 9번 출구로 나와서 대로변을 따라 큰 사거리가 나올때까지 앞으로 100m 정도 가세요. 그 후 사거리에서 좌회전하세요. 리치몬드 제과점 앞의 횡단보도를 건너세요. V hall은 이 횡단보도를 지나서 오른쪽의 미스터 도넛 건물의 지하에 있습니다.

Come out of Hongdae Station (Line 2) Exit 9. Walk straight until you get to the first main intersection. Turn left. Walk up the hill on the right hand side of the road until you get to crosswalk. V Hall is just past this crosswalk, on the right hand side. It is in the basement of the mister donuts / Il Mare building."	"veravhall@gmail.com"	"https://www.facebook.com/vhallkorea"	"080-02-338-0958"	"https://twitter.com/livespacevhall"	"http://www.club.cyworld.com/v-hall"	"마포구 서교동 356-1서교호텔별관 B3F, Seoul, Korea 121-210"	"브이 홀 / V Hall"	37.554495	126.922077	"브이 홀 / V Hall"	17
"<!--:en-->Yellow Taxi<!--:--><!--:ko-->옐로우 택시<!--:-->"	"<!--:en--><div></div>
<div>
<div id=""id_519b71b366c0e5c24233894"">Wednesdays: Cocktail Night (ALL Cocktails 4,000won)
Thursdays: Trivia Night (Every the other Thursdays)
Fridays: Jazz or Blues Live Bands
Saturdays: Western Rock BandsDJ: Every Friday and Saturday starting at 11pm ~ 4am

Doors Open: 6pm - 5am

</div>
</div><!--:--><!--:ko--><div>Yellow Taxi - 문화와 예술이 공존하는 ""컬쳐라운지"" 둔산동 ""Yellow Taxi"" 입니다. 대전시 서구 둔산동 타임월드 옥외주차장 옆4층 (Sports, DJ, Live Music Culture Lounge)</div>
<div>
<div></div>
<div></div>
<div id=""id_519b71b366c0e5c24233894"">수준높은 아티스트들의 공연과 파티를 접목하여 새로운 클럽문화를 만들어 나가는 컬처 클럽 "" Yellow Taxi 라운지""의 컬쳐 파티는 실력파 재즈, 블루스 &amp; 펑키 뮤지션들과함께 문화 예술을 사랑하는 클러버들의 폭발적인 사랑을 받으며 지속적으로 발전하고 있습니다

DJ및 Live Band(재즈 밴드, 블루스 밴드, 펑키 밴드)와 함께, 신나는 음악과 피자, 샐러드등 간단한 식사와 와인, 칵테일, 맥주, 위스키, 생맥주등을 즐기실 수 있는 최고의 컬쳐 라운지 입니다

한국 최고의 정상급 재즈 뮤지션들의 "" Jazz Live ""음악과 함께 와인, 맥주, 생맥주, 칵테일, 위스키및 커피, 음료와 피자, 샐러드등 간단한 식사를 하실수있는 ""컬쳐 라운지"" 입니다.

항상 감사 드립니다^^

▶ 매주 수요일은 모든 칵테일 4,000원 입니다!</div>
</div><!--:-->"	"<!--:en-->Yellow Taxi<!--:--><!--:ko-->Yellow Taxi<!--:-->"	"yellow-taxi"	"daejeon-%eb%8c%80%ec%a0%84:Daejeon 대전"	"2013/05/Yellow-Taxi-Logo.jpg"		"http://cafe.daum.net/coolbar7"	"대전시 서구 둔산동 타임월드 옥외주차장 옆4층

Dunsan-dong, near Time World, next to the big parking lot, the corner from Coffee Bean same building as Garten Bier. 4th floor"	"yellowtaxi20@naver.com"	"https://www.facebook.com/pages/Yellow-Taxi/114645671881216"	"042-487-4499"			"Dunsan-dong 1064, Seo-gu, Daejeon, Korea"	"옐로우 택시 / Yellow Taxi"	36.3505157	127.3760189	"옐로우 택시 / Yellow Taxi"	15
"<!--:en-->Rock Station<!--:--><!--:ko-->락스테이션<!--:-->"	"<!--:en-->In the heart of Cheonan, Rock Station regularly showcases Korean bands as well as the occasional expat band.<!--:--><!--:ko-->좋은 음악과 좋은 분위기 그리고 좋은 사람들
함께 천안의 락음악문화를 이끌어가 봅시다~<!--:-->"	"<!--:en-->Rock Station<!--:--><!--:ko-->락스테이션<!--:-->"	"rock-station"	"cheonan-%ec%b2%9c%ec%95%88:Cheonan 천안"			"http://cafe.naver.com/wjddbstkd/"			"https://www.facebook.com/groups/220119481374474/"	"010-4810-3477"	"https://twitter.com/frms77"		"천안시 동남구 신부동 386-4"	"락스테이션 / Rock Station"	36.8168887	127.157225	"락스테이션 / Rock Station"	17
"<!--:en-->Rainbow Bar<!--:--><!--:ko-->레인보우 바<!--:-->"	"<!--:en-->A sit on the floor hookah bar with weekly live sets.<!--:-->"	"<!--:en-->Rainbow Bar<!--:--><!--:ko-->레인보우 바<!--:-->"	"rainbow-bar"	"seoul-%ec%84%9c%ec%9a%b8:Seoul 서울"	"2013/05/Rainbow-Logo.jpg"		"http://club.cyworld.com/peacerainbow"	"강남역에서 내리고 10번 출구로 나와요. 250m즘 앞으로 가면 Giordano 옷 가게 보여요. Giordano에서 오른쪽 가요. 2번째 사거리에 Dunkin Donuts보이고 오른쪽가요. 20m앞 오른쪽에서 레인보우 보입니다.

Get off at Gangnam St. (Green-Line), go out through Exit no 10. Walk straight ahead about 250m, turn left at GIORDANO clothing store. Walk straight ahead up to the 2nd crossroad, turn right at DUNKIN DONUTS. You will see RAINBOW about 20m ahead on the right."			"02-3481-1869"			"서울 서초구 서초동 1308-11 지하1층"	"레인보우 바 / Rainbow Bar"	37.5007284	127.0250811	"레인보우 바 / Rainbow Bar"	18
"<!--:en-->DGBS<!--:--><!--:ko-->대공분실<!--:-->"	"<!--:en-->Venue on the Korea National University of the Arts Campus. Jarip collective venue.<!--:--><!--:ko--><div>
<div id=""pagelet_about"" data-referrer=""pagelet_about"">
<div>
<div>한국예술종합학교x자립음악생산조합의 공간 &lt;클럽 대공분실&gt;입니다.</div>
</div>
</div>
</div>
<div></div><!--:-->"		"dgbs"	"seoul-%ec%84%9c%ec%9a%b8:Seoul 서울"	"2013/05/DGBS.jpg"			"Go out of Sinimun Station, Walk to the Korean National University of the Arts Campus Park.

In a fenced in area on the right side of the park (east section) you will find the venue"	"persona985@gmail.com"	"https://www.facebook.com/pages/%ED%81%B4%EB%9F%BD-%EB%8C%80%EA%B3%B5%EB%B6%84%EC%8B%A4/286735774692220"	"010-2295-8443"		"http://dgbs.byus.net/"	"서울시 성북구 석관동 37.605163, 127.058730, Seoul, Korea"	"Club_DGBS (대공분실)"	37.6054628967	127.0577721987	"Club_DGBS (대공분실)"	16
